EMPID,Gender,HourlyRate,JobRole,MaritalStatus
E00001,Female,94,Sales Executive,Single
E00002,Male,61,Research Scientist,Married
E00003,Male,92,Laboratory Technician,Single
E00004,Female,56,Research Scientist,Married
E00005,Male,40,Laboratory Technician,Married
E00006,Male,79,Laboratory Technician,Single
E00007,Female,81,Laboratory Technician,Married
E00008,Male,67,Laboratory Technician,Divorced
E00009,Male,44,Manufacturing Director,Single
E00010,Male,94,Healthcare Representative,Married
E00011,Male,84,Laboratory Technician,Married
E00012,Female,49,Laboratory Technician,Single
E00013,Male,31,Research Scientist,Divorced
E00014,Male,93,Laboratory Technician,Divorced
E00015,Male,50,Laboratory Technician,Single
E00016,Female,51,Manufacturing Director,Divorced
E00017,Male,80,Research Scientist,Divorced
E00018,Male,96,Laboratory Technician,Divorced
E00019,Female,78,Manager,Married
E00020,Male,45,Research Scientist,Single
E00021,Female,96,Manufacturing Director,Divorced
E00022,Male,82,Sales Representative,Single
E00023,Female,53,Research Director,Single
E00024,Male,96,Research Scientist,Single
E00025,Male,83,Research Scientist,Single
E00026,Female,58,Manager,Divorced
E00027,Female,72,Research Scientist,Single
E00028,Male,48,Sales Executive,Married
E00029,Female,42,Healthcare Representative,Married
E00030,Female,83,Manager,Single
E00031,Male,78,Laboratory Technician,Single
E00032,Male,41,Healthcare Representative,Married
E00033,Male,83,Laboratory Technician,Single
E00034,Male,56,Sales Representative,Married
E00035,Male,61,Research Scientist,Married
E00036,Female,72,Research Scientist,Divorced
E00037,Male,86,Sales Representative,Married
E00038,Female,97,Sales Representative,Married
E00039,Female,82,Research Scientist,Married
E00040,Female,42,Sales Executive,Married
E00041,Male,75,Laboratory Technician,Divorced
E00042,Female,33,Laboratory Technician,Divorced
E00043,Male,48,Laboratory Technician,Single
E00044,Male,37,Sales Executive,Single
E00045,Female,58,Laboratory Technician,Single
E00046,Female,49,Research Director,Married
E00047,Male,72,Sales Executive,Single
E00048,Male,73,Research Scientist,Married
E00049,Male,98,Sales Executive,Single
E00050,Male,36,Laboratory Technician,Married
E00051,Male,98,Laboratory Technician,Single
E00052,Male,50,Laboratory Technician,Single
E00053,Female,75,Sales Executive,Divorced
E00054,Male,79,Healthcare Representative,Married
E00055,Female,47,Sales Executive,Married
E00056,Female,98,Research Director,Single
E00057,Male,71,Sales Executive,Married
E00058,Female,30,Laboratory Technician,Married
E00059,Male,48,Laboratory Technician,Divorced
E00060,Male,51,Manufacturing Director,Divorced
E00061,Male,33,Manufacturing Director,Married
E00062,Female,50,Laboratory Technician,Single
E00063,Female,43,Research Director,Divorced
E00064,Female,99,Sales Executive,Single
E00065,Female,59,Healthcare Representative,Divorced
E00066,Female,33,Manager,Divorced
E00067,Male,95,Manufacturing Director,Single
E00068,Male,59,Research Scientist,Divorced
E00069,Male,79,Research Scientist,Married
E00070,Male,79,Research Scientist,Married
E00071,Female,57,Sales Executive,Single
E00072,Male,76,Research Scientist,Married
E00073,Male,87,Research Scientist,Single
E00074,Male,66,Research Scientist,Married
E00075,Female,55,Laboratory Technician,Married
E00076,Female,61,Manufacturing Director,Single
E00077,Male,32,Sales Executive,Single
E00078,Male,52,Research Director,Married
E00079,Male,30,Research Director,Single
E00080,Male,80,Human Resources,Divorced
E00081,Male,55,Laboratory Technician,Married
E00082,Male,30,Research Scientist,Single
E00083,Male,70,Sales Executive,Married
E00084,Female,79,Research Scientist,Divorced
E00085,Male,94,Manufacturing Director,Married
E00086,Male,49,Manufacturing Director,Single
E00087,Male,62,Sales Representative,Divorced
E00088,Male,96,Laboratory Technician,Married
E00089,Male,99,Healthcare Representative,Married
E00090,Male,64,Sales Executive,Single
E00091,Male,78,Healthcare Representative,Married
E00092,Male,71,Sales Executive,Single
E00093,Female,63,Sales Executive,Divorced
E00094,Male,40,Healthcare Representative,Married
E00095,Male,87,Sales Executive,Single
E00096,Female,60,Research Director,Married
E00097,Female,33,Sales Executive,Married
E00098,Male,43,Sales Executive,Married
E00099,Male,37,Sales Executive,Single
E00100,Male,67,Laboratory Technician,Married
E00101,Male,63,Human Resources,Divorced
E00102,Male,71,Research Scientist,Single
E00103,Female,66,Laboratory Technician,Single
E00104,Female,41,Research Scientist,Single
E00105,Male,100,Healthcare Representative,Divorced
E00106,Female,32,Manager,Married
E00107,Female,73,Research Director,Married
E00108,Male,46,Sales Executive,Single
E00109,Male,64,Research Scientist,Married
E00110,Female,59,Laboratory Technician,Single
E00111,Female,30,Healthcare Representative,Single
E00112,Male,66,Laboratory Technician,Single
E00113,Female,30,Manager,Single
E00114,Male,52,Laboratory Technician,Married
E00115,Female,45,Research Scientist,Divorced
E00116,Male,87,Sales Executive,Single
E00117,Female,45,Manager,Single
E00118,Female,92,Sales Executive,Married
E00119,Female,39,Laboratory Technician,Divorced
E00120,Male,92,Manager,Married
E00121,Male,96,Research Scientist,Divorced
E00122,Male,95,Sales Executive,Married
E00123,Female,72,Research Scientist,Married
E00124,Male,51,Research Director,Single
E00125,Male,76,Sales Executive,Married
E00126,Female,46,Research Scientist,Married
E00127,Female,94,Healthcare Representative,Married
E00128,Male,50,Sales Representative,Single
E00129,Male,100,Laboratory Technician,Married
E00130,Female,96,Manufacturing Director,Married
E00131,Female,72,Research Scientist,Single
E00132,Female,77,Sales Executive,Single
E00133,Female,71,Sales Executive,Married
E00134,Male,96,Sales Executive,Divorced
E00135,Female,61,Human Resources,Married
E00136,Male,84,Manufacturing Director,Divorced
E00137,Male,53,Manufacturing Director,Single
E00138,Female,47,Sales Executive,Married
E00139,Male,41,Sales Executive,Married
E00140,Male,48,Human Resources,Married
E00141,Female,41,Laboratory Technician,Single
E00142,Male,83,Research Scientist,Single
E00143,Female,32,Research Scientist,Single
E00144,Female,75,Research Scientist,Single
E00145,Male,35,Sales Executive,Divorced
E00146,Female,84,Research Scientist,Divorced
E00147,Male,35,Laboratory Technician,Single
E00148,Male,91,Manager,Divorced
E00149,Male,94,Laboratory Technician,Married
E00150,Female,79,Laboratory Technician,Single
E00151,Female,54,Research Scientist,Divorced
E00152,Male,94,Sales Executive,Married
E00153,Male,34,Sales Representative,Married
E00154,Male,60,Laboratory Technician,Divorced
E00155,Female,43,Sales Executive,Single
E00156,Male,41,Manufacturing Director,Married
E00157,Male,34,Manufacturing Director,Married
E00158,Female,75,Research Scientist,Married
E00159,Male,67,Sales Executive,Married
E00160,Female,75,Sales Representative,Married
E00161,Male,80,Research Scientist,Married
E00162,Male,57,Research Scientist,Divorced
E00163,Male,42,Research Scientist,Married
E00164,Male,83,Healthcare Representative,Divorced
E00165,Male,79,Research Scientist,Divorced
E00166,Female,53,Manager,Single
E00167,Male,56,Research Scientist,Divorced
E00168,Female,41,Sales Executive,Married
E00169,Female,59,Sales Executive,Single
E00170,Male,43,Research Scientist,Single
E00171,Male,51,Research Scientist,Married
E00172,Female,100,Sales Representative,Single
E00173,Male,30,Laboratory Technician,Single
E00174,Male,66,Laboratory Technician,Divorced
E00175,Female,30,Sales Executive,Divorced
E00176,Female,67,Research Scientist,Divorced
E00177,Male,90,Research Scientist,Single
E00178,Male,47,Laboratory Technician,Single
E00179,Female,92,Sales Executive,Divorced
E00180,Female,75,Laboratory Technician,Single
E00181,Female,95,Research Scientist,Married
E00182,Female,95,Research Scientist,Single
E00183,Female,70,Sales Representative,Single
E00184,Male,86,Laboratory Technician,Married
E00185,Female,57,Manufacturing Director,Divorced
E00186,Female,72,Research Scientist,Married
E00187,Female,46,Manager,Married
E00188,Male,61,Research Director,Single
E00189,Male,45,Manufacturing Director,Married
E00190,Female,98,Healthcare Representative,Single
E00191,Male,65,Manager,Married
E00192,Female,99,Research Scientist,Single
E00193,Male,50,Manufacturing Director,Married
E00194,Male,37,Research Scientist,Divorced
E00195,Male,65,Manager,Married
E00196,Male,65,Research Scientist,Married
E00197,Female,37,Laboratory Technician,Single
E00198,Female,36,Manufacturing Director,Divorced
E00199,Male,88,Manufacturing Director,Married
E00200,Male,54,Manufacturing Director,Married
E00201,Male,60,Manufacturing Director,Married
E00202,Male,92,Manufacturing Director,Divorced
E00203,Male,43,Research Scientist,Divorced
E00204,Male,99,Laboratory Technician,Married
E00205,Male,70,Healthcare Representative,Married
E00206,Female,35,Sales Executive,Married
E00207,Male,60,Research Scientist,Divorced
E00208,Female,73,Laboratory Technician,Single
E00209,Male,63,Healthcare Representative,Married
E00210,Male,97,Healthcare Representative,Divorced
E00211,Male,32,Sales Executive,Married
E00212,Male,88,Manufacturing Director,Single
E00213,Female,90,Sales Executive,Single
E00214,Male,81,Research Director,Married
E00215,Female,88,Research Scientist,Single
E00216,Female,75,Manager,Single
E00217,Female,52,Sales Executive,Single
E00218,Male,85,Research Scientist,Single
E00219,Female,57,Sales Executive,Single
E00220,Female,52,Sales Executive,Married
E00221,Male,62,Laboratory Technician,Single
E00222,Female,47,Research Scientist,Married
E00223,Male,47,Research Director,Divorced
E00224,Male,76,Sales Executive,Divorced
E00225,Male,90,Manufacturing Director,Married
E00226,Male,70,Research Scientist,Married
E00227,Male,41,Sales Representative,Divorced
E00228,Female,42,Sales Executive,Married
E00229,Female,92,Sales Executive,Single
E00230,Male,86,Research Scientist,Single
E00231,Female,89,Laboratory Technician,Single
E00232,Male,58,Manager,Married
E00233,Male,52,Human Resources,Married
E00234,Female,68,Manager,Divorced
E00235,Male,58,Laboratory Technician,Married
E00236,Female,80,Manager,Married
E00237,Female,39,Laboratory Technician,Married
E00238,Male,79,Manager,Single
E00239,Female,56,Sales Representative,Married
E00240,Male,62,Laboratory Technician,Single
E00241,Female,96,Laboratory Technician,Divorced
E00242,Male,100,Sales Executive,Married
E00243,Male,36,Research Scientist,Divorced
E00244,Male,62,Research Scientist,Divorced
E00245,Male,70,Manager,Married
E00246,Male,73,Research Director,Divorced
E00247,Female,63,Research Scientist,Married
E00248,Male,84,Manufacturing Director,Married
E00249,Female,83,Research Scientist,Married
E00250,Male,77,Manufacturing Director,Married
E00251,Male,61,Manufacturing Director,Divorced
E00252,Female,64,Healthcare Representative,Single
E00253,Male,60,Research Scientist,Single
E00254,Female,82,Research Scientist,Single
E00255,Male,45,Sales Executive,Divorced
E00256,Female,62,Manufacturing Director,Married
E00257,Female,56,Laboratory Technician,Divorced
E00258,Male,49,Research Director,Divorced
E00259,Male,96,Research Scientist,Married
E00260,Male,71,Laboratory Technician,Single
E00261,Male,100,Laboratory Technician,Married
E00262,Male,39,Sales Executive,Married
E00263,Male,84,Laboratory Technician,Single
E00264,Female,75,Manager,Married
E00265,Male,79,Laboratory Technician,Single
E00266,Male,78,Sales Executive,Married
E00267,Male,64,Healthcare Representative,Married
E00268,Male,85,Healthcare Representative,Divorced
E00269,Male,79,Healthcare Representative,Married
E00270,Male,47,Laboratory Technician,Married
E00271,Male,81,Manager,Single
E00272,Male,88,Manager,Married
E00273,Male,94,Research Scientist,Married
E00274,Male,98,Sales Executive,Married
E00275,Male,100,Research Scientist,Single
E00276,Female,80,Research Director,Divorced
E00277,Female,71,Manager,Divorced
E00278,Female,44,Sales Executive,Divorced
E00279,Female,84,Manufacturing Director,Divorced
E00280,Male,96,Research Director,Divorced
E00281,Male,45,Research Director,Married
E00282,Male,99,Sales Executive,Married
E00283,Male,44,Sales Executive,Single
E00284,Male,37,Laboratory Technician,Married
E00285,Male,60,Healthcare Representative,Married
E00286,Female,42,Research Scientist,Single
E00287,Male,43,Laboratory Technician,Divorced
E00288,Male,82,Healthcare Representative,Divorced
E00289,Male,45,Laboratory Technician,Divorced
E00290,Female,66,Research Scientist,Single
E00291,Female,35,Research Director,Single
E00292,Male,30,Research Scientist,Single
E00293,Female,84,Sales Representative,Divorced
E00294,Male,48,Sales Executive,Single
E00295,Male,53,Research Scientist,Married
E00296,Female,77,Sales Executive,Married
E00297,Male,54,Laboratory Technician,Single
E00298,Male,96,Sales Executive,Married
E00299,Male,81,Laboratory Technician,Married
E00300,Male,84,Manufacturing Director,Divorced
E00301,Male,88,Manager,Single
E00302,Female,69,Sales Representative,Single
E00303,Male,68,Healthcare Representative,Single
E00304,Male,100,Sales Executive,Married
E00305,Male,48,Healthcare Representative,Divorced
E00306,Female,47,Laboratory Technician,Married
E00307,Male,91,Sales Executive,Married
E00308,Female,81,Research Director,Married
E00309,Male,32,Healthcare Representative,Divorced
E00310,Male,86,Research Scientist,Married
E00311,Male,62,Human Resources,Married
E00312,Male,97,Laboratory Technician,Divorced
E00313,Male,32,Research Scientist,Divorced
E00314,Female,74,Manager,Married
E00315,Male,99,Manager,Married
E00316,Female,33,Laboratory Technician,Single
E00317,Female,90,Healthcare Representative,Single
E00318,Male,85,Research Scientist,Married
E00319,Female,85,Research Scientist,Single
E00320,Female,65,Sales Executive,Married
E00321,Male,74,Sales Executive,Single
E00322,Male,73,Sales Executive,Divorced
E00323,Female,74,Research Scientist,Single
E00324,Male,84,Research Scientist,Married
E00325,Female,64,Research Scientist,Married
E00326,Female,48,Manufacturing Director,Married
E00327,Male,54,Manager,Married
E00328,Female,41,Sales Executive,Married
E00329,Male,46,Sales Executive,Single
E00330,Male,42,Research Director,Married
E00331,Female,82,Laboratory Technician,Divorced
E00332,Male,73,Sales Executive,Married
E00333,Female,31,Research Scientist,Single
E00334,Female,43,Healthcare Representative,Married
E00335,Male,75,Research Scientist,Married
E00336,Male,57,Sales Executive,Married
E00337,Male,77,Laboratory Technician,Married
E00338,Male,30,Laboratory Technician,Single
E00339,Female,30,Sales Executive,Divorced
E00340,Female,56,Sales Executive,Married
E00341,Male,61,Manufacturing Director,Divorced
E00342,Male,92,Research Director,Divorced
E00343,Female,39,Manufacturing Director,Single
E00344,Female,39,Sales Executive,Divorced
E00345,Male,62,Manufacturing Director,Single
E00346,Male,83,Research Scientist,Divorced
E00347,Male,95,Manufacturing Director,Single
E00348,Male,99,Sales Representative,Single
E00349,Female,44,Research Director,Single
E00350,Male,61,Sales Executive,Married
E00351,Male,52,Human Resources,Divorced
E00352,Female,75,Laboratory Technician,Married
E00353,Female,91,Manager,Married
E00354,Male,51,Research Scientist,Divorced
E00355,Female,85,Sales Executive,Married
E00356,Male,57,Sales Executive,Married
E00357,Male,98,Healthcare Representative,Single
E00358,Female,99,Sales Representative,Single
E00359,Female,45,Sales Executive,Single
E00360,Male,48,Sales Executive,Married
E00361,Male,88,Healthcare Representative,Married
E00362,Female,46,Laboratory Technician,Married
E00363,Male,39,Sales Representative,Single
E00364,Female,34,Sales Representative,Single
E00365,Female,98,Laboratory Technician,Married
E00366,Female,30,Manufacturing Director,Married
E00367,Male,56,Sales Executive,Single
E00368,Male,100,Healthcare Representative,Single
E00369,Male,68,Sales Executive,Married
E00370,Male,42,Research Scientist,Single
E00371,Female,90,Sales Representative,Single
E00372,Male,54,Research Scientist,Single
E00373,Male,97,Healthcare Representative,Single
E00374,Male,82,Laboratory Technician,Divorced
E00375,Male,92,Sales Executive,Single
E00376,Male,31,Healthcare Representative,Single
E00377,Female,87,Sales Executive,Married
E00378,Female,96,Research Scientist,Married
E00379,Male,67,Sales Executive,Single
E00380,Female,97,Manager,Single
E00381,Female,77,Sales Executive,Divorced
E00382,Male,72,Sales Representative,Married
E00383,Male,73,Research Scientist,Single
E00384,Female,43,Research Scientist,Married
E00385,Male,61,Sales Executive,Married
E00386,Male,40,Research Scientist,Single
E00387,Female,95,Laboratory Technician,Divorced
E00388,Female,46,Sales Executive,Divorced
E00389,Female,95,Laboratory Technician,Divorced
E00390,Male,49,Manufacturing Director,Single
E00391,Male,59,Research Director,Divorced
E00392,Female,78,Laboratory Technician,Married
E00393,Male,86,Research Director,Married
E00394,Female,72,Sales Executive,Married
E00395,Female,31,Manufacturing Director,Married
E00396,Male,61,Laboratory Technician,Married
E00397,Female,74,Healthcare Representative,Divorced
E00398,Female,99,Sales Executive,Single
E00399,Female,72,Research Scientist,Married
E00400,Male,98,Laboratory Technician,Married
E00401,Male,52,Manager,Divorced
E00402,Female,86,Sales Executive,Married
E00403,Female,83,Sales Executive,Single
E00404,Male,49,Sales Executive,Married
E00405,Male,79,Laboratory Technician,Divorced
E00406,Male,91,Laboratory Technician,Married
E00407,Male,39,Manufacturing Director,Married
E00408,Male,69,Research Scientist,Married
E00409,Female,30,Manager,Married
E00410,Female,92,Research Scientist,Divorced
E00411,Female,43,Manufacturing Director,Single
E00412,Female,41,Manager,Married
E00413,Female,87,Manufacturing Director,Divorced
E00414,Female,88,Healthcare Representative,Married
E00415,Female,62,Sales Representative,Single
E00416,Female,33,Sales Representative,Divorced
E00417,Male,42,Laboratory Technician,Married
E00418,Female,79,Manager,Married
E00419,Female,90,Research Scientist,Divorced
E00420,Male,53,Laboratory Technician,Married
E00421,Male,93,Research Director,Married
E00422,Female,71,Research Scientist,Married
E00423,Male,52,Human Resources,Single
E00424,Female,69,Sales Executive,Married
E00425,Male,56,Manager,Divorced
E00426,Male,88,Manager,Married
E00427,Female,49,Laboratory Technician,Single
E00428,Female,80,Sales Executive,Married
E00429,Female,65,Manufacturing Director,Divorced
E00430,Male,51,Research Director,Married
E00431,Male,46,Laboratory Technician,Single
E00432,Female,42,Laboratory Technician,Single
E00433,Male,62,Research Scientist,Divorced
E00434,Female,94,Sales Executive,Married
E00435,Male,33,Manufacturing Director,Divorced
E00436,Male,56,Manager,Married
E00437,Male,38,Laboratory Technician,Divorced
E00438,Male,57,Sales Representative,Single
E00439,Male,72,Healthcare Representative,Married
E00440,Male,66,Healthcare Representative,Married
E00441,Female,43,Human Resources,Divorced
E00442,Male,97,Laboratory Technician,Married
E00443,Male,32,Sales Executive,Single
E00444,Male,99,Laboratory Technician,Single
E00445,Female,37,Sales Executive,Married
E00446,Female,83,Manager,Single
E00447,Male,56,Sales Executive,Single
E00448,Male,85,Sales Executive,Married
E00449,Female,75,Manufacturing Director,Single
E00450,Female,48,Laboratory Technician,Married
E00451,Male,77,Sales Executive,Single
E00452,Male,56,Manufacturing Director,Married
E00453,Male,61,Sales Executive,Married
E00454,Female,58,Human Resources,Divorced
E00455,Male,34,Manufacturing Director,Divorced
E00456,Female,95,Research Director,Divorced
E00457,Male,44,Manager,Divorced
E00458,Male,69,Sales Representative,Single
E00459,Male,58,Sales Executive,Divorced
E00460,Female,62,Healthcare Representative,Single
E00461,Male,45,Sales Executive,Divorced
E00462,Female,80,Sales Executive,Single
E00463,Male,74,Sales Executive,Single
E00464,Male,66,Laboratory Technician,Single
E00465,Female,59,Manufacturing Director,Single
E00466,Female,86,Healthcare Representative,Married
E00467,Female,91,Manager,Married
E00468,Male,69,Sales Executive,Divorced
E00469,Male,78,Research Scientist,Divorced
E00470,Male,60,Sales Executive,Married
E00471,Male,38,Sales Representative,Married
E00472,Female,76,Healthcare Representative,Married
E00473,Female,65,Manufacturing Director,Married
E00474,Male,58,Research Director,Divorced
E00475,Male,89,Research Scientist,Married
E00476,Male,66,Sales Executive,Married
E00477,Male,94,Laboratory Technician,Married
E00478,Male,99,Manager,Married
E00479,Male,40,Sales Representative,Married
E00480,Female,55,Laboratory Technician,Married
E00481,Male,74,Sales Representative,Married
E00482,Male,83,Research Scientist,Married
E00483,Male,46,Sales Executive,Divorced
E00484,Male,54,Laboratory Technician,Single
E00485,Male,66,Sales Executive,Divorced
E00486,Female,66,Research Scientist,Divorced
E00487,Male,75,Sales Executive,Married
E00488,Female,83,Research Scientist,Single
E00489,Female,81,Healthcare Representative,Married
E00490,Male,50,Research Director,Divorced
E00491,Female,43,Research Scientist,Single
E00492,Male,72,Laboratory Technician,Divorced
E00493,Female,40,Manager,Married
E00494,Female,50,Human Resources,Single
E00495,Female,31,Sales Representative,Divorced
E00496,Male,85,Sales Representative,Divorced
E00497,Male,49,Sales Representative,Single
E00498,Male,35,Manager,Married
E00499,Male,69,Research Scientist,Married
E00500,Male,39,Sales Executive,Divorced
E00501,Female,92,Research Scientist,Married
E00502,Female,71,Research Scientist,Divorced
E00503,Female,34,Sales Executive,Single
E00504,Male,42,Research Scientist,Married
E00505,Female,100,Sales Executive,Married
E00506,Female,71,Laboratory Technician,Married
E00507,Male,36,Manufacturing Director,Married
E00508,Female,62,Sales Executive,Married
E00509,Male,82,Research Scientist,Single
E00510,Male,30,Healthcare Representative,Divorced
E00511,Male,88,Human Resources,Married
E00512,Male,48,Manufacturing Director,Divorced
E00513,Male,54,Research Scientist,Single
E00514,Male,32,Research Scientist,Single
E00515,Male,70,Research Scientist,Single
E00516,Male,41,Laboratory Technician,Married
E00517,Male,58,Research Scientist,Married
E00518,Male,57,Sales Executive,Married
E00519,Female,46,Sales Executive,Single
E00520,Male,76,Research Scientist,Divorced
E00521,Male,56,Sales Executive,Married
E00522,Female,71,Sales Executive,Divorced
E00523,Male,80,Research Scientist,Single
E00524,Male,74,Laboratory Technician,Married
E00525,Female,46,Healthcare Representative,Single
E00526,Female,65,Sales Executive,Single
E00527,Female,80,Healthcare Representative,Single
E00528,Male,55,Sales Executive,Single
E00529,Male,50,Sales Executive,Married
E00530,Female,33,Healthcare Representative,Single
E00531,Female,68,Manufacturing Director,Married
E00532,Female,39,Research Director,Single
E00533,Male,42,Sales Executive,Single
E00534,Male,48,Sales Executive,Married
E00535,Male,59,Research Director,Married
E00536,Male,73,Manager,Divorced
E00537,Male,84,Sales Executive,Single
E00538,Male,32,Manufacturing Director,Divorced
E00539,Male,59,Manager,Married
E00540,Male,54,Sales Representative,Married
E00541,Female,67,Research Scientist,Single
E00542,Female,63,Research Director,Married
E00543,Female,81,Manufacturing Director,Single
E00544,Male,49,Laboratory Technician,Single
E00545,Female,49,Sales Executive,Divorced
E00546,Male,99,Sales Executive,Divorced
E00547,Male,99,Sales Representative,Single
E00548,Male,57,Research Scientist,Divorced
E00549,Male,47,Sales Executive,Married
E00550,Female,96,Healthcare Representative,Single
E00551,Male,37,Laboratory Technician,Married
E00552,Female,44,Human Resources,Married
E00553,Male,81,Healthcare Representative,Married
E00554,Female,86,Research Scientist,Single
E00555,Female,55,Healthcare Representative,Single
E00556,Male,83,Sales Representative,Divorced
E00557,Male,86,Laboratory Technician,Single
E00558,Female,61,Healthcare Representative,Divorced
E00559,Male,80,Laboratory Technician,Married
E00560,Male,92,Research Scientist,Married
E00561,Female,32,Manufacturing Director,Divorced
E00562,Male,31,Manager,Married
E00563,Male,63,Research Scientist,Single
E00564,Female,32,Sales Executive,Single
E00565,Male,46,Sales Representative,Single
E00566,Male,79,Research Scientist,Single
E00567,Female,77,Sales Executive,Single
E00568,Male,60,Sales Executive,Single
E00569,Male,78,Manager,Married
E00570,Male,76,Sales Executive,Single
E00571,Male,41,Research Scientist,Married
E00572,Female,71,Laboratory Technician,Divorced
E00573,Female,66,Healthcare Representative,Married
E00574,Male,38,Sales Executive,Single
E00575,Female,72,Research Scientist,Single
E00576,Female,95,Manufacturing Director,Divorced
E00577,Male,84,Sales Executive,Married
E00578,Female,82,Research Scientist,Divorced
E00579,Female,75,Manufacturing Director,Single
E00580,Female,86,Research Scientist,Single
E00581,Female,72,Sales Representative,Married
E00582,Male,38,Laboratory Technician,Married
E00583,Female,38,Healthcare Representative,Married
E00584,Female,93,Sales Executive,Married
E00585,Male,66,Manager,Divorced
E00586,Male,63,Laboratory Technician,Married
E00587,Male,60,Laboratory Technician,Divorced
E00588,Female,82,Laboratory Technician,Married
E00589,Male,64,Research Director,Married
E00590,Female,36,Laboratory Technician,Married
E00591,Male,49,Research Director,Married
E00592,Female,69,Sales Executive,Single
E00593,Female,33,Manager,Married
E00594,Female,35,Manufacturing Director,Married
E00595,Male,81,Research Scientist,Married
E00596,Male,31,Research Director,Single
E00597,Female,40,Research Scientist,Single
E00598,Female,43,Manufacturing Director,Married
E00599,Male,46,Research Scientist,Single
E00600,Male,36,Human Resources,Married
E00601,Female,98,Manufacturing Director,Married
E00602,Male,51,Laboratory Technician,Single
E00603,Female,52,Manufacturing Director,Single
E00604,Female,95,Research Scientist,Single
E00605,Male,98,Manufacturing Director,Married
E00606,Male,45,Healthcare Representative,Divorced
E00607,Female,100,Research Scientist,Single
E00608,Female,43,Sales Executive,Married
E00609,Male,37,Sales Executive,Single
E00610,Male,94,Research Director,Married
E00611,Male,42,Research Director,Divorced
E00612,Male,59,Manufacturing Director,Single
E00613,Female,81,Sales Executive,Married
E00614,Male,88,Human Resources,Married
E00615,Female,88,Research Scientist,Married
E00616,Male,50,Research Scientist,Married
E00617,Female,66,Manager,Married
E00618,Male,50,Healthcare Representative,Single
E00619,Male,65,Research Scientist,Single
E00620,Male,48,Sales Executive,Divorced
E00621,Female,53,Research Scientist,Single
E00622,Male,56,Sales Executive,Married
E00623,Male,73,Sales Executive,Divorced
E00624,Male,75,Research Scientist,Divorced
E00625,Female,78,Sales Executive,Married
E00626,Male,74,Sales Executive,Divorced
E00627,Female,91,Research Scientist,Married
E00628,Female,81,Manufacturing Director,Married
E00629,Male,66,Sales Executive,Divorced
E00630,Male,63,Human Resources,Divorced
E00631,Male,33,Manufacturing Director,Married
E00632,Male,62,Laboratory Technician,Married
E00633,Male,35,Research Scientist,Single
E00634,Male,77,Human Resources,Married
E00635,Male,98,Sales Executive,Married
E00636,Female,66,Manufacturing Director,Married
E00637,Female,96,Research Scientist,Divorced
E00638,Male,61,Laboratory Technician,Divorced
E00639,Male,87,Sales Executive,Married
E00640,Female,36,Research Scientist,Married
E00641,Male,46,Laboratory Technician,Married
E00642,Male,48,Sales Executive,Married
E00643,Male,98,Sales Representative,Married
E00644,Female,95,Laboratory Technician,Married
E00645,Male,48,Research Scientist,Married
E00646,Female,48,Sales Representative,Divorced
E00647,Male,73,Sales Executive,Married
E00648,Male,78,Manufacturing Director,Married
E00649,Female,54,Sales Representative,Married
E00650,Female,72,Research Director,Single
E00651,Female,33,Healthcare Representative,Married
E00652,Female,35,Sales Executive,Married
E00653,Male,32,Sales Executive,Single
E00654,Male,98,Manager,Divorced
E00655,Female,42,Human Resources,Married
E00656,Male,57,Human Resources,Divorced
E00657,Male,87,Laboratory Technician,Single
E00658,Female,62,Laboratory Technician,Divorced
E00659,Male,61,Research Scientist,Married
E00660,Male,98,Sales Executive,Single
E00661,Male,57,Laboratory Technician,Divorced
E00662,Female,55,Manufacturing Director,Divorced
E00663,Female,49,Sales Representative,Single
E00664,Female,65,Research Scientist,Single
E00665,Male,68,Healthcare Representative,Married
E00666,Female,65,Sales Representative,Single
E00667,Female,34,Manufacturing Director,Married
E00668,Female,57,Laboratory Technician,Divorced
E00669,Female,77,Research Scientist,Divorced
E00670,Male,70,Laboratory Technician,Married
E00671,Female,76,Research Scientist,Single
E00672,Male,83,Laboratory Technician,Divorced
E00673,Female,68,Sales Executive,Single
E00674,Male,100,Research Scientist,Single
E00675,Female,37,Healthcare Representative,Divorced
E00676,Male,41,Sales Representative,Married
E00677,Female,51,Healthcare Representative,Married
E00678,Female,51,Laboratory Technician,Married
E00679,Male,51,Research Scientist,Married
E00680,Female,45,Sales Executive,Married
E00681,Male,65,Research Scientist,Single
E00682,Female,80,Research Director,Married
E00683,Female,70,Laboratory Technician,Married
E00684,Male,36,Sales Representative,Married
E00685,Male,67,Sales Executive,Divorced
E00686,Male,52,Sales Executive,Single
E00687,Male,59,Laboratory Technician,Single
E00688,Male,79,Laboratory Technician,Single
E00689,Male,37,Sales Representative,Single
E00690,Male,84,Laboratory Technician,Single
E00691,Female,41,Healthcare Representative,Married
E00692,Male,35,Research Scientist,Divorced
E00693,Female,93,Manufacturing Director,Married
E00694,Male,51,Sales Executive,Married
E00695,Female,42,Healthcare Representative,Single
E00696,Male,46,Sales Executive,Married
E00697,Male,57,Laboratory Technician,Married
E00698,Female,84,Sales Representative,Married
E00699,Female,86,Sales Executive,Married
E00700,Male,70,Manager,Married
E00701,Male,51,Research Scientist,Single
E00702,Male,45,Manager,Divorced
E00703,Male,62,Sales Executive,Divorced
E00704,Female,85,Sales Executive,Single
E00705,Male,92,Sales Executive,Divorced
E00706,Male,41,Sales Executive,Single
E00707,Female,100,Sales Executive,Single
E00708,Male,64,Manufacturing Director,Divorced
E00709,Male,84,Sales Executive,Divorced
E00710,Male,46,Research Scientist,Single
E00711,Male,38,Manager,Single
E00712,Female,92,Research Scientist,Single
E00713,Female,53,Research Scientist,Single
E00714,Female,91,Laboratory Technician,Divorced
E00715,Male,66,Research Director,Divorced
E00716,Female,84,Healthcare Representative,Married
E00717,Male,64,Research Director,Divorced
E00718,Female,37,Laboratory Technician,Married
E00719,Male,42,Laboratory Technician,Married
E00720,Female,83,Sales Executive,Single
E00721,Female,48,Research Scientist,Married
E00722,Male,95,Manufacturing Director,Married
E00723,Male,66,Research Scientist,Married
E00724,Male,75,Manufacturing Director,Divorced
E00725,Female,41,Manufacturing Director,Divorced
E00726,Male,39,Laboratory Technician,Divorced
E00727,Female,96,Manufacturing Director,Married
E00728,Male,73,Research Scientist,Single
E00729,Female,56,Manufacturing Director,Married
E00730,Female,57,Healthcare Representative,Divorced
E00731,Female,73,Research Director,Married
E00732,Female,98,Research Scientist,Single
E00733,Female,60,Laboratory Technician,Single
E00734,Male,32,Manufacturing Director,Married
E00735,Male,94,Laboratory Technician,Married
E00736,Male,97,Healthcare Representative,Single
E00737,Male,78,Healthcare Representative,Single
E00738,Female,42,Manufacturing Director,Single
E00739,Female,65,Manufacturing Director,Married
E00740,Female,47,Manufacturing Director,Married
E00741,Male,45,Laboratory Technician,Divorced
E00742,Male,90,Manager,Married
E00743,Male,64,Laboratory Technician,Married
E00744,Female,69,Manufacturing Director,Single
E00745,Female,61,Healthcare Representative,Married
E00746,Male,62,Healthcare Representative,Married
E00747,Female,55,Research Director,Divorced
E00748,Male,42,Sales Executive,Single
E00749,Male,79,Sales Executive,Single
E00750,Female,57,Manager,Married
E00751,Female,53,Sales Executive,Married
E00752,Female,95,Sales Executive,Married
E00753,Female,43,Laboratory Technician,Single
E00754,Female,82,Manufacturing Director,Single
E00755,Female,88,Sales Representative,Single
E00756,Female,90,Manager,Married
E00757,Female,69,Laboratory Technician,Single
E00758,Male,75,Sales Executive,Divorced
E00759,Male,66,Manager,Married
E00760,Male,36,Human Resources,Single
E00761,Female,38,Sales Executive,Married
E00762,Male,81,Laboratory Technician,Divorced
E00763,Male,57,Research Scientist,Married
E00764,Female,87,Sales Representative,Married
E00765,Male,74,Sales Representative,Married
E00766,Male,44,Research Scientist,Married
E00767,Male,62,Research Director,Married
E00768,Female,35,Healthcare Representative,Single
E00769,Male,74,Sales Executive,Married
E00770,Female,66,Research Scientist,Divorced
E00771,Male,40,Research Director,Divorced
E00772,Female,41,Sales Executive,Married
E00773,Female,63,Research Scientist,Married
E00774,Female,51,Manufacturing Director,Single
E00775,Male,40,Manager,Single
E00776,Male,79,Sales Executive,Divorced
E00777,Female,54,Sales Representative,Single
E00778,Female,36,Laboratory Technician,Single
E00779,Female,74,Research Scientist,Divorced
E00780,Male,34,Research Scientist,Married
E00781,Male,72,Healthcare Representative,Single
E00782,Male,59,Laboratory Technician,Married
E00783,Male,85,Manufacturing Director,Married
E00784,Female,43,Research Scientist,Married
E00785,Female,65,Healthcare Representative,Married
E00786,Male,61,Healthcare Representative,Married
E00787,Male,87,Laboratory Technician,Married
E00788,Male,65,Manufacturing Director,Married
E00789,Female,59,Research Scientist,Single
E00790,Male,91,Human Resources,Married
E00791,Male,34,Healthcare Representative,Divorced
E00792,Male,86,Sales Executive,Single
E00793,Female,54,Research Scientist,Single
E00794,Male,50,Laboratory Technician,Divorced
E00795,Male,45,Healthcare Representative,Single
E00796,Female,88,Sales Executive,Divorced
E00797,Male,32,Laboratory Technician,Married
E00798,Male,37,Laboratory Technician,Divorced
E00799,Male,55,Research Scientist,Single
E00800,Male,35,Manager,Married
E00801,Male,45,Laboratory Technician,Divorced
E00802,Male,81,Sales Executive,Single
E00803,Female,30,Sales Executive,Married
E00804,Male,40,Research Scientist,Married
E00805,Male,35,Manager,Single
E00806,Female,65,Sales Executive,Married
E00807,Male,87,Healthcare Representative,Single
E00808,Male,73,Sales Executive,Divorced
E00809,Female,93,Research Scientist,Divorced
E00810,Female,93,Manufacturing Director,Divorced
E00811,Male,52,Manager,Married
E00812,Male,32,Sales Executive,Single
E00813,Female,83,Manufacturing Director,Married
E00814,Male,84,Healthcare Representative,Divorced
E00815,Male,44,Research Director,Single
E00816,Female,70,Research Scientist,Single
E00817,Male,70,Laboratory Technician,Single
E00818,Male,78,Manufacturing Director,Single
E00819,Male,67,Sales Representative,Married
E00820,Male,67,Research Scientist,Married
E00821,Male,54,Sales Executive,Divorced
E00822,Male,56,Sales Executive,Married
E00823,Male,95,Manufacturing Director,Single
E00824,Female,61,Research Scientist,Divorced
E00825,Male,56,Laboratory Technician,Single
E00826,Male,79,Manufacturing Director,Married
E00827,Male,37,Human Resources,Married
E00828,Male,39,Research Scientist,Divorced
E00829,Male,80,Laboratory Technician,Single
E00830,Female,77,Sales Executive,Single
E00831,Male,46,Laboratory Technician,Married
E00832,Male,72,Laboratory Technician,Married
E00833,Female,52,Healthcare Representative,Divorced
E00834,Male,55,Research Scientist,Married
E00835,Female,70,Sales Executive,Married
E00836,Male,100,Human Resources,Single
E00837,Female,45,Sales Executive,Married
E00838,Female,88,Research Director,Single
E00839,Male,44,Sales Executive,Single
E00840,Male,45,Sales Executive,Single
E00841,Male,58,Laboratory Technician,Married
E00842,Male,49,Laboratory Technician,Single
E00843,Female,79,Laboratory Technician,Married
E00844,Male,82,Laboratory Technician,Married
E00845,Male,72,Sales Executive,Married
E00846,Female,92,Research Scientist,Married
E00847,Male,44,Manufacturing Director,Divorced
E00848,Male,97,Healthcare Representative,Single
E00849,Male,47,Laboratory Technician,Married
E00850,Female,85,Sales Executive,Single
E00851,Female,76,Sales Representative,Divorced
E00852,Female,92,Manager,Divorced
E00853,Female,54,Laboratory Technician,Married
E00854,Male,54,Research Scientist,Single
E00855,Female,83,Research Scientist,Married
E00856,Female,56,Manufacturing Director,Married
E00857,Male,87,Laboratory Technician,Single
E00858,Male,96,Research Scientist,Single
E00859,Female,50,Manager,Divorced
E00860,Female,69,Research Scientist,Married
E00861,Male,48,Research Scientist,Married
E00862,Female,69,Manager,Married
E00863,Male,74,Research Scientist,Single
E00864,Male,99,Human Resources,Married
E00865,Male,95,Research Scientist,Divorced
E00866,Male,61,Sales Executive,Divorced
E00867,Male,62,Sales Executive,Married
E00868,Female,30,Manager,Married
E00869,Male,78,Laboratory Technician,Married
E00870,Male,52,Research Director,Married
E00871,Male,94,Sales Executive,Married
E00872,Female,97,Laboratory Technician,Married
E00873,Female,82,Sales Executive,Married
E00874,Male,60,Laboratory Technician,Divorced
E00875,Male,49,Laboratory Technician,Divorced
E00876,Male,32,Research Scientist,Single
E00877,Male,43,Sales Representative,Single
E00878,Male,60,Manufacturing Director,Divorced
E00879,Male,79,Human Resources,Married
E00880,Male,52,Sales Executive,Divorced
E00881,Female,77,Laboratory Technician,Married
E00882,Female,38,Research Scientist,Single
E00883,Female,77,Manufacturing Director,Divorced
E00884,Male,60,Research Scientist,Married
E00885,Female,84,Sales Executive,Divorced
E00886,Male,57,Sales Executive,Single
E00887,Male,63,Research Scientist,Married
E00888,Female,60,Research Director,Married
E00889,Female,78,Sales Executive,Married
E00890,Male,42,Research Scientist,Married
E00891,Female,53,Manufacturing Director,Divorced
E00892,Female,72,Research Scientist,Married
E00893,Female,96,Research Scientist,Single
E00894,Female,97,Research Scientist,Divorced
E00895,Male,85,Research Director,Married
E00896,Male,80,Healthcare Representative,Married
E00897,Female,96,Healthcare Representative,Single
E00898,Female,48,Sales Executive,Single
E00899,Male,96,Research Director,Married
E00900,Male,85,Manager,Married
E00901,Male,46,Research Scientist,Married
E00902,Male,76,Laboratory Technician,Single
E00903,Male,76,Research Scientist,Divorced
E00904,Male,82,Healthcare Representative,Divorced
E00905,Male,76,Research Director,Single
E00906,Female,87,Research Director,Divorced
E00907,Female,89,Research Scientist,Married
E00908,Male,88,Manager,Married
E00909,Male,82,Sales Executive,Divorced
E00910,Female,57,Research Scientist,Single
E00911,Male,47,Research Scientist,Married
E00912,Male,73,Sales Representative,Single
E00913,Male,53,Research Scientist,Single
E00914,Female,94,Manager,Single
E00915,Male,37,Healthcare Representative,Divorced
E00916,Female,45,Laboratory Technician,Single
E00917,Female,33,Manager,Married
E00918,Female,86,Sales Executive,Single
E00919,Male,83,Manager,Divorced
E00920,Male,67,Manufacturing Director,Single
E00921,Female,46,Laboratory Technician,Divorced
E00922,Male,44,Laboratory Technician,Single
E00923,Male,92,Manager,Divorced
E00924,Male,56,Human Resources,Married
E00925,Male,66,Research Scientist,Married
E00926,Female,78,Research Scientist,Married
E00927,Female,56,Sales Executive,Single
E00928,Female,53,Manufacturing Director,Single
E00929,Female,73,Healthcare Representative,Married
E00930,Male,52,Laboratory Technician,Married
E00931,Female,40,Laboratory Technician,Single
E00932,Female,72,Manufacturing Director,Single
E00933,Female,39,Laboratory Technician,Divorced
E00934,Male,84,Research Scientist,Single
E00935,Female,40,Research Scientist,Single
E00936,Male,56,Sales Executive,Married
E00937,Female,83,Manager,Single
E00938,Female,94,Manager,Divorced
E00939,Male,88,Research Scientist,Divorced
E00940,Male,79,Laboratory Technician,Married
E00941,Male,93,Research Scientist,Single
E00942,Female,48,Laboratory Technician,Married
E00943,Female,63,Healthcare Representative,Married
E00944,Female,44,Human Resources,Single
E00945,Female,55,Laboratory Technician,Married
E00946,Female,43,Research Director,Married
E00947,Male,57,Sales Executive,Single
E00948,Male,64,Sales Executive,Single
E00949,Female,95,Manager,Married
E00950,Male,32,Manufacturing Director,Single
E00951,Female,57,Sales Executive,Divorced
E00952,Male,40,Sales Executive,Single
E00953,Female,54,Sales Representative,Single
E00954,Male,89,Laboratory Technician,Married
E00955,Male,37,Manager,Married
E00956,Female,58,Manager,Married
E00957,Male,99,Manager,Single
E00958,Male,74,Research Scientist,Divorced
E00959,Male,86,Healthcare Representative,Divorced
E00960,Male,98,Research Scientist,Single
E00961,Female,66,Sales Executive,Divorced
E00962,Male,87,Research Scientist,Single
E00963,Male,84,Manager,Divorced
E00964,Female,31,Sales Executive,Divorced
E00965,Female,66,Sales Executive,Single
E00966,Male,67,Laboratory Technician,Married
E00967,Female,53,Manufacturing Director,Married
E00968,Male,88,Laboratory Technician,Married
E00969,Female,83,Sales Executive,Married
E00970,Male,54,Manufacturing Director,Single
E00971,Female,98,Sales Representative,Married
E00972,Female,82,Manufacturing Director,Single
E00973,Female,97,Laboratory Technician,Single
E00974,Female,60,Laboratory Technician,Married
E00975,Male,43,Sales Executive,Single
E00976,Male,85,Sales Executive,Single
E00977,Male,68,Manufacturing Director,Married
E00978,Female,92,Research Scientist,Divorced
E00979,Female,89,Healthcare Representative,Divorced
E00980,Male,86,Laboratory Technician,Married
E00981,Female,90,Sales Representative,Single
E00982,Female,67,Sales Executive,Married
E00983,Male,57,Research Scientist,Divorced
E00984,Female,98,Healthcare Representative,Single
E00985,Male,48,Sales Executive,Married
E00986,Male,98,Manufacturing Director,Married
E00987,Male,44,Sales Executive,Married
E00988,Male,52,Sales Executive,Married
E00989,Female,75,Research Scientist,Divorced
E00990,Male,54,Research Scientist,Married
E00991,Male,61,Sales Executive,Married
E00992,Male,36,Sales Executive,Married
E00993,Male,71,Healthcare Representative,Married
E00994,Male,93,Sales Executive,Married
E00995,Female,59,Manufacturing Director,Married
E00996,Female,73,Research Scientist,Single
E00997,Female,98,Sales Executive,Married
E00998,Female,51,Research Scientist,Single
E00999,Male,36,Research Scientist,Single
E01000,Female,31,Manager,Married
E01001,Female,54,Laboratory Technician,Married
E01002,Female,94,Laboratory Technician,Single
E01003,Male,60,Manufacturing Director,Single
E01004,Male,81,Laboratory Technician,Married
E01005,Male,100,Laboratory Technician,Single
E01006,Male,51,Human Resources,Single
E01007,Male,97,Laboratory Technician,Single
E01008,Female,84,Healthcare Representative,Single
E01009,Female,54,Research Director,Single
E01010,Female,76,Research Director,Married
E01011,Male,81,Research Director,Divorced
E01012,Female,99,Sales Executive,Single
E01013,Female,50,Sales Representative,Single
E01014,Female,73,Sales Executive,Divorced
E01015,Female,93,Research Director,Single
E01016,Male,91,Research Scientist,Divorced
E01017,Female,34,Research Scientist,Single
E01018,Male,91,Laboratory Technician,Married
E01019,Male,37,Laboratory Technician,Single
E01020,Female,98,Sales Executive,Married
E01021,Male,74,Research Scientist,Married
E01022,Male,68,Sales Representative,Married
E01023,Male,84,Laboratory Technician,Single
E01024,Female,90,Research Scientist,Married
E01025,Female,82,Research Director,Married
E01026,Female,42,Sales Executive,Married
E01027,Male,97,Sales Executive,Married
E01028,Female,86,Laboratory Technician,Married
E01029,Male,90,Research Scientist,Married
E01030,Male,81,Laboratory Technician,Divorced
E01031,Male,31,Sales Executive,Divorced
E01032,Male,52,Sales Executive,Divorced
E01033,Female,54,Laboratory Technician,Single
E01034,Female,100,Manufacturing Director,Single
E01035,Male,95,Healthcare Representative,Divorced
E01036,Female,96,Human Resources,Single
E01037,Male,94,Laboratory Technician,Married
E01038,Male,55,Manufacturing Director,Married
E01039,Male,96,Sales Executive,Divorced
E01040,Female,52,Human Resources,Married
E01041,Male,55,Research Director,Divorced
E01042,Male,84,Sales Executive,Single
E01043,Male,90,Laboratory Technician,Single
E01044,Male,39,Research Director,Single
E01045,Male,96,Healthcare Representative,Married
E01046,Male,68,Research Scientist,Divorced
E01047,Male,49,Research Scientist,Single
E01048,Male,54,Sales Executive,Married
E01049,Male,81,Sales Executive,Single
E01050,Male,96,Sales Executive,Married
E01051,Female,74,Laboratory Technician,Single
E01052,Female,79,Sales Executive,Married
E01053,Male,64,Research Scientist,Divorced
E01054,Male,93,Research Scientist,Married
E01055,Male,35,Healthcare Representative,Divorced
E01056,Male,71,Research Director,Divorced
E01057,Male,92,Sales Representative,Married
E01058,Female,51,Sales Executive,Single
