EMPID,Gender,JobRole,MaritalStatus,DOB
E00001,Female,Sales Executive,Single,12-02-1987
E00002,Male,Research Scientist,Married,15-11-1982
E00003,Male,Laboratory Technician,Single,22-02-1986
E00004,Female,Research Scientist,Married,25-05-1977
E00005,Male,Laboratory Technician,Married,04-04-1995
E00006,Male,Laboratory Technician,Single,13-02-1989
E00007,Female,Laboratory Technician,Married,06-05-1983
E00008,Male,Laboratory Technician,Divorced,11-04-1986
E00009,Male,Manufacturing Director,Single,06-01-1995
E00010,Male,Healthcare Representative,Married,21-06-1985
E00011,Male,Laboratory Technician,Married,31-07-1978
E00012,Female,Laboratory Technician,Single,03-02-1975
E00013,Male,Research Scientist,Divorced,17-12-1990
E00014,Male,Laboratory Technician,Divorced,02-05-1978
E00015,Male,Laboratory Technician,Single,19-11-1974
E00016,Female,Manufacturing Director,Divorced,27-08-1972
E00017,Male,Research Scientist,Divorced,26-10-1987
E00018,Male,Laboratory Technician,Divorced,31-01-1968
E00019,Female,Manager,Married,03-10-1968
E00020,Male,Research Scientist,Single,12-02-1981
E00021,Female,Manufacturing Director,Divorced,07-09-1985
E00022,Male,Sales Representative,Single,19-06-1983
E00023,Female,Research Director,Single,21-11-1962
E00024,Male,Research Scientist,Single,13-03-1974
E00025,Male,Research Scientist,Single,30-10-1985
E00026,Female,Manager,Divorced,25-01-1967
E00027,Female,Research Scientist,Single,03-01-1955
E00028,Male,Sales Executive,Married,05-05-1979
E00029,Female,Healthcare Representative,Married,17-10-1988
E00030,Female,Manager,Single,28-03-1978
E00031,Male,Laboratory Technician,Single,17-11-1953
E00032,Male,Healthcare Representative,Married,28-09-1969
E00033,Male,Laboratory Technician,Single,02-07-1962
E00034,Male,Sales Representative,Married,20-11-1954
E00035,Male,Research Scientist,Married,12-02-1964
E00036,Female,Research Scientist,Divorced,04-02-1974
E00037,Male,Sales Representative,Married,03-02-1975
E00038,Female,Sales Representative,Married,27-07-1974
E00039,Female,Research Scientist,Married,14-10-1972
E00040,Female,Sales Executive,Married,05-07-1964
E00041,Male,Laboratory Technician,Divorced,15-11-1988
E00042,Female,Laboratory Technician,Divorced,03-09-1988
E00043,Male,Laboratory Technician,Single,31-10-1986
E00044,Male,Sales Executive,Single,11-06-1972
E00045,Female,Laboratory Technician,Single,01-03-1977
E00046,Female,Research Director,Married,04-04-1974
E00047,Male,Sales Executive,Single,24-02-1976
E00048,Male,Research Scientist,Married,18-12-1969
E00049,Male,Sales Executive,Single,17-02-1975
E00050,Male,Laboratory Technician,Married,17-09-1965
E00051,Male,Laboratory Technician,Single,12-07-1974
E00052,Male,Laboratory Technician,Single,06-10-1981
E00053,Female,Sales Executive,Divorced,19-11-1979
E00054,Male,Healthcare Representative,Married,05-12-1991
E00055,Female,Sales Executive,Married,08-05-1979
E00056,Female,Research Director,Single,22-02-1988
E00057,Male,Sales Executive,Married,27-04-1965
E00058,Female,Laboratory Technician,Married,12-03-1991
E00059,Male,Laboratory Technician,Divorced,31-10-1965
E00060,Male,Manufacturing Director,Divorced,28-05-1981
E00061,Male,Manufacturing Director,Married,01-11-1993
E00062,Female,Laboratory Technician,Single,31-07-1964
E00063,Female,Research Director,Divorced,14-02-1956
E00064,Female,Sales Executive,Single,05-12-1969
E00065,Female,Healthcare Representative,Divorced,17-09-1963
E00066,Female,Manager,Divorced,09-11-1978
E00067,Male,Manufacturing Director,Single,31-08-1968
E00068,Male,Research Scientist,Divorced,02-09-1979
E00069,Male,Research Scientist,Married,10-01-1980
E00070,Male,Research Scientist,Married,27-11-1970
E00071,Female,Sales Executive,Single,24-06-1987
E00072,Male,Research Scientist,Married,30-12-1981
E00073,Male,Research Scientist,Single,01-05-1979
E00074,Male,Research Scientist,Married,03-12-1970
E00075,Female,Laboratory Technician,Married,15-10-1990
E00076,Female,Manufacturing Director,Single,02-03-1979
E00077,Male,Sales Executive,Single,08-11-1958
E00078,Male,Research Director,Married,10-02-1979
E00079,Male,Research Director,Single,30-04-1974
E00080,Male,Human Resources,Divorced,14-06-1973
E00081,Male,Laboratory Technician,Married,16-07-1991
E00082,Male,Research Scientist,Single,12-09-1971
E00083,Male,Sales Executive,Married,09-12-1974
E00084,Female,Research Scientist,Divorced,01-05-1962
E00085,Male,Manufacturing Director,Married,29-06-1971
E00086,Male,Manufacturing Director,Single,09-05-1976
E00087,Male,Sales Representative,Divorced,29-11-1958
E00088,Male,Laboratory Technician,Married,21-10-1979
E00089,Male,Healthcare Representative,Married,17-08-1970
E00090,Male,Sales Executive,Single,08-08-1951
E00091,Male,Healthcare Representative,Married,17-09-1965
E00092,Male,Sales Executive,Single,16-04-1965
E00093,Female,Sales Executive,Divorced,10-04-1985
E00094,Male,Healthcare Representative,Married,11-01-1945
E00095,Male,Sales Executive,Single,05-04-1986
E00096,Female,Research Director,Married,27-07-1979
E00097,Female,Sales Executive,Married,28-10-1995
E00098,Male,Sales Executive,Married,05-12-1974
E00099,Male,Sales Executive,Single,03-07-1966
E00100,Male,Laboratory Technician,Married,09-01-1964
E00101,Male,Human Resources,Divorced,01-02-1983
E00102,Male,Research Scientist,Single,21-06-1975
E00103,Female,Laboratory Technician,Single,27-08-1966
E00104,Female,Research Scientist,Single,13-11-1979
E00105,Male,Healthcare Representative,Divorced,07-10-1966
E00106,Female,Manager,Married,22-05-1957
E00107,Female,Research Director,Married,07-02-1985
E00108,Male,Sales Executive,Single,24-05-1968
E00109,Male,Research Scientist,Married,25-02-1971
E00110,Female,Laboratory Technician,Single,24-09-1965
E00111,Female,Healthcare Representative,Single,26-06-1967
E00112,Male,Laboratory Technician,Single,25-09-1990
E00113,Female,Manager,Single,14-04-1968
E00114,Male,Laboratory Technician,Married,15-08-1989
E00115,Female,Research Scientist,Divorced,23-08-1971
E00116,Male,Sales Executive,Single,22-03-1983
E00117,Female,Manager,Single,05-03-1986
E00118,Female,Sales Executive,Married,04-07-1970
E00119,Female,Laboratory Technician,Divorced,27-08-1968
E00120,Male,Manager,Married,24-03-1982
E00121,Male,Research Scientist,Divorced,30-09-1969
E00122,Male,Sales Executive,Married,30-06-1972
E00123,Female,Research Scientist,Married,06-01-1995
E00124,Male,Research Director,Single,18-01-1989
E00125,Male,Sales Executive,Married,24-06-1976
E00126,Female,Research Scientist,Married,01-05-1966
E00127,Female,Healthcare Representative,Married,01-03-1977
E00128,Male,Sales Representative,Single,23-04-1970
E00129,Male,Laboratory Technician,Married,10-07-1979
E00130,Female,Manufacturing Director,Married,01-06-1980
E00131,Female,Research Scientist,Single,18-08-1993
E00132,Female,Sales Executive,Single,26-02-1994
E00133,Female,Sales Executive,Married,16-08-1979
E00134,Male,Sales Executive,Divorced,17-04-1995
E00135,Female,Human Resources,Married,16-11-1969
E00136,Male,Manufacturing Director,Divorced,02-01-1989
E00137,Male,Manufacturing Director,Single,24-04-1978
E00138,Female,Sales Executive,Married,31-10-1961
E00139,Male,Sales Executive,Married,05-11-1976
E00140,Male,Human Resources,Married,05-08-1965
E00141,Female,Laboratory Technician,Single,12-05-1974
E00142,Male,Research Scientist,Single,15-11-1954
E00143,Female,Research Scientist,Single,28-03-1984
E00144,Female,Research Scientist,Single,21-08-1982
E00145,Male,Sales Executive,Divorced,05-10-1970
E00146,Female,Research Scientist,Divorced,20-12-1983
E00147,Male,Laboratory Technician,Single,20-07-1957
E00148,Male,Manager,Divorced,08-03-1983
E00149,Male,Laboratory Technician,Married,28-06-1966
E00150,Female,Laboratory Technician,Single,11-05-1975
E00151,Female,Research Scientist,Divorced,28-10-1969
E00152,Male,Sales Executive,Married,10-05-1965
E00153,Male,Sales Representative,Married,11-09-1962
E00154,Male,Laboratory Technician,Divorced,11-03-1965
E00155,Female,Sales Executive,Single,20-02-1978
E00156,Male,Manufacturing Director,Married,21-02-1947
E00157,Male,Manufacturing Director,Married,01-01-1962
E00158,Female,Research Scientist,Married,21-01-1980
E00159,Male,Sales Executive,Married,12-12-1957
E00160,Female,Sales Representative,Married,01-05-1970
E00161,Male,Research Scientist,Married,10-04-1966
E00162,Male,Research Scientist,Divorced,04-12-1968
E00163,Male,Research Scientist,Married,03-10-1976
E00164,Male,Healthcare Representative,Divorced,07-02-1964
E00165,Male,Research Scientist,Divorced,29-01-1973
E00166,Female,Manager,Single,18-12-1984
E00167,Male,Research Scientist,Divorced,29-06-1968
E00168,Female,Sales Executive,Married,10-11-1974
E00169,Female,Sales Executive,Single,15-05-1985
E00170,Male,Research Scientist,Single,24-11-1974
E00171,Male,Research Scientist,Married,24-12-1964
E00172,Female,Sales Representative,Single,08-12-1972
E00173,Male,Laboratory Technician,Single,24-12-1973
E00174,Male,Laboratory Technician,Divorced,14-06-1966
E00175,Female,Sales Executive,Divorced,31-03-1967
E00176,Female,Research Scientist,Divorced,27-11-1990
E00177,Male,Research Scientist,Single,27-03-1969
E00178,Male,Laboratory Technician,Single,14-02-1956
E00179,Female,Sales Executive,Divorced,22-05-1976
E00180,Female,Laboratory Technician,Single,06-05-1962
E00181,Female,Research Scientist,Married,04-05-1971
E00182,Female,Research Scientist,Single,31-12-1951
E00183,Female,Sales Representative,Single,12-06-1965
E00184,Male,Laboratory Technician,Married,26-03-1988
E00185,Female,Manufacturing Director,Divorced,30-08-1981
E00186,Female,Research Scientist,Married,05-08-1965
E00187,Female,Manager,Married,31-10-1961
E00188,Male,Research Director,Single,05-11-1972
E00189,Male,Manufacturing Director,Married,04-02-1974
E00190,Female,Healthcare Representative,Single,15-10-1975
E00191,Male,Manager,Married,01-06-1971
E00192,Female,Research Scientist,Single,03-05-1979
E00193,Male,Manufacturing Director,Married,10-07-1976
E00194,Male,Research Scientist,Divorced,28-12-1963
E00195,Male,Manager,Married,11-11-1996
E00196,Male,Research Scientist,Married,02-06-1979
E00197,Female,Laboratory Technician,Single,21-02-1995
E00198,Female,Manufacturing Director,Divorced,07-01-1953
E00199,Male,Manufacturing Director,Married,27-04-1957
E00200,Male,Manufacturing Director,Married,22-07-1972
E00201,Male,Manufacturing Director,Married,02-08-1986
E00202,Male,Manufacturing Director,Divorced,08-11-1966
E00203,Male,Research Scientist,Divorced,08-10-1976
E00204,Male,Laboratory Technician,Married,06-01-1995
E00205,Male,Healthcare Representative,Married,01-05-1967
E00206,Female,Sales Executive,Married,10-03-1980
E00207,Male,Research Scientist,Divorced,10-12-1973
E00208,Female,Laboratory Technician,Single,07-02-1974
E00209,Male,Healthcare Representative,Married,24-03-1954
E00210,Male,Healthcare Representative,Divorced,04-11-1976
E00211,Male,Sales Executive,Married,28-10-1987
E00212,Male,Manufacturing Director,Single,05-10-1981
E00213,Female,Sales Executive,Single,06-01-1972
E00214,Male,Research Director,Married,17-11-1985
E00215,Female,Research Scientist,Single,31-07-1987
E00216,Female,Manager,Single,25-07-1996
E00217,Female,Sales Executive,Single,07-09-1968
E00218,Male,Research Scientist,Single,15-01-1976
E00219,Female,Sales Executive,Single,20-04-1972
E00220,Female,Sales Executive,Married,10-10-1965
E00221,Male,Laboratory Technician,Single,30-01-1979
E00222,Female,Research Scientist,Married,31-10-1980
E00223,Male,Research Director,Divorced,27-04-1975
E00224,Male,Sales Executive,Divorced,21-09-1970
E00225,Male,Manufacturing Director,Married,10-07-1980
E00226,Male,Research Scientist,Married,13-12-1970
E00227,Male,Sales Representative,Divorced,19-05-1968
E00228,Female,Sales Executive,Married,22-12-1973
E00229,Female,Sales Executive,Single,12-06-1972
E00230,Male,Research Scientist,Single,22-03-1975
E00231,Female,Laboratory Technician,Single,25-03-1980
E00232,Male,Manager,Married,27-02-1979
E00233,Male,Human Resources,Married,22-12-1981
E00234,Female,Manager,Divorced,18-02-1968
E00235,Male,Laboratory Technician,Married,30-01-1981
E00236,Female,Manager,Married,16-12-1988
E00237,Female,Laboratory Technician,Married,28-10-1985
E00238,Male,Manager,Single,10-07-1977
E00239,Female,Sales Representative,Married,30-12-1976
E00240,Male,Laboratory Technician,Single,10-04-1969
E00241,Female,Laboratory Technician,Divorced,18-09-1977
E00242,Male,Sales Executive,Married,30-03-1974
E00243,Male,Research Scientist,Divorced,11-01-1960
E00244,Male,Research Scientist,Divorced,21-04-1981
E00245,Male,Manager,Married,28-08-1965
E00246,Male,Research Director,Divorced,06-09-1949
E00247,Female,Research Scientist,Married,12-03-1972
E00248,Male,Manufacturing Director,Married,03-01-1972
E00249,Female,Research Scientist,Married,17-03-1975
E00250,Male,Manufacturing Director,Married,18-03-1968
E00251,Male,Manufacturing Director,Divorced,12-07-1975
E00252,Female,Healthcare Representative,Single,25-04-1967
E00253,Male,Research Scientist,Single,23-05-1980
E00254,Female,Research Scientist,Single,25-07-1967
E00255,Male,Sales Executive,Divorced,03-11-1974
E00256,Female,Manufacturing Director,Married,14-03-1970
E00257,Female,Laboratory Technician,Divorced,29-11-1980
E00258,Male,Research Director,Divorced,09-08-1986
E00259,Male,Research Scientist,Married,01-11-1970
E00260,Male,Laboratory Technician,Single,30-07-1977
E00261,Male,Laboratory Technician,Married,16-04-1978
E00262,Male,Sales Executive,Married,20-06-1971
E00263,Male,Laboratory Technician,Single,24-10-1962
E00264,Female,Manager,Married,16-10-1966
E00265,Male,Laboratory Technician,Single,23-02-1974
E00266,Male,Sales Executive,Married,15-08-1977
E00267,Male,Healthcare Representative,Married,20-05-1982
E00268,Male,Healthcare Representative,Divorced,14-08-1963
E00269,Male,Healthcare Representative,Married,17-09-1968
E00270,Male,Laboratory Technician,Married,04-01-1980
E00271,Male,Manager,Single,14-09-1973
E00272,Male,Manager,Married,06-03-1973
E00273,Male,Research Scientist,Married,24-01-1955
E00274,Male,Sales Executive,Married,02-09-1978
E00275,Male,Research Scientist,Single,27-11-1959
E00276,Female,Research Director,Divorced,22-11-1958
E00277,Female,Manager,Divorced,23-12-1985
E00278,Female,Sales Executive,Divorced,31-12-1974
E00279,Female,Manufacturing Director,Divorced,08-02-1983
E00280,Male,Research Director,Divorced,27-11-1963
E00281,Male,Research Director,Married,02-05-1978
E00282,Male,Sales Executive,Married,14-02-1970
E00283,Male,Sales Executive,Single,11-04-1975
E00284,Male,Laboratory Technician,Married,01-03-1980
E00285,Male,Healthcare Representative,Married,13-02-1976
E00286,Female,Research Scientist,Single,20-03-1954
E00287,Male,Laboratory Technician,Divorced,27-05-1970
E00288,Male,Healthcare Representative,Divorced,07-12-1977
E00289,Male,Laboratory Technician,Divorced,09-01-1976
E00290,Female,Research Scientist,Single,14-06-1981
E00291,Female,Research Director,Single,13-04-1968
E00292,Male,Research Scientist,Single,10-04-1961
E00293,Female,Sales Representative,Divorced,13-08-1980
E00294,Male,Sales Executive,Single,22-09-1974
E00295,Male,Research Scientist,Married,24-03-1971
E00296,Female,Sales Executive,Married,12-03-1962
E00297,Male,Laboratory Technician,Single,26-03-1945
E00298,Male,Sales Executive,Married,11-06-1969
E00299,Male,Laboratory Technician,Married,29-07-1978
E00300,Male,Manufacturing Director,Divorced,26-07-1981
E00301,Male,Manager,Single,27-12-1975
E00302,Female,Sales Representative,Single,21-07-1965
E00303,Male,Healthcare Representative,Single,19-04-1964
E00304,Male,Sales Executive,Married,04-09-1986
E00305,Male,Healthcare Representative,Divorced,01-10-1968
E00306,Female,Laboratory Technician,Married,25-04-1966
E00307,Male,Sales Executive,Married,17-05-1987
E00308,Female,Research Director,Married,24-12-1979
E00309,Male,Healthcare Representative,Divorced,17-06-1969
E00310,Male,Research Scientist,Married,28-02-1970
E00311,Male,Human Resources,Married,04-02-1989
E00312,Male,Laboratory Technician,Divorced,02-06-1965
E00313,Male,Research Scientist,Divorced,19-01-1977
E00314,Female,Manager,Married,11-06-1978
E00315,Male,Manager,Married,29-01-1969
E00316,Female,Laboratory Technician,Single,17-11-1970
E00317,Female,Healthcare Representative,Single,24-02-1968
E00318,Male,Research Scientist,Married,18-05-1966
E00319,Female,Research Scientist,Single,05-11-1990
E00320,Female,Sales Executive,Married,08-10-1967
E00321,Male,Sales Executive,Single,09-07-1966
E00322,Male,Sales Executive,Divorced,10-11-1989
E00323,Female,Research Scientist,Single,15-03-1995
E00324,Male,Research Scientist,Married,15-12-1986
E00325,Female,Research Scientist,Married,04-03-1977
E00326,Female,Manufacturing Director,Married,12-11-1993
E00327,Male,Manager,Married,02-09-1973
E00328,Female,Sales Executive,Married,04-02-1971
E00329,Male,Sales Executive,Single,10-08-1971
E00330,Male,Research Director,Married,14-07-1972
E00331,Female,Laboratory Technician,Divorced,29-02-1972
E00332,Male,Sales Executive,Married,20-11-1976
E00333,Female,Research Scientist,Single,31-10-1977
E00334,Female,Healthcare Representative,Married,06-01-1995
E00335,Male,Research Scientist,Married,07-06-1980
E00336,Male,Sales Executive,Married,10-08-1979
E00337,Male,Laboratory Technician,Married,24-10-1970
E00338,Male,Laboratory Technician,Single,30-05-1955
E00339,Female,Sales Executive,Divorced,28-12-1977
E00340,Female,Sales Executive,Married,19-02-1979
E00341,Male,Manufacturing Director,Divorced,20-06-1977
E00342,Male,Research Director,Divorced,23-01-1975
E00343,Female,Manufacturing Director,Single,22-09-1989
E00344,Female,Sales Executive,Divorced,18-05-1976
E00345,Male,Manufacturing Director,Single,04-06-1971
E00346,Male,Research Scientist,Divorced,21-05-1970
E00347,Male,Manufacturing Director,Single,24-04-1988
E00348,Male,Sales Representative,Single,06-10-1972
E00349,Female,Research Director,Single,06-11-1980
E00350,Male,Sales Executive,Married,07-03-1979
E00351,Male,Human Resources,Divorced,06-10-1974
E00352,Female,Laboratory Technician,Married,01-09-1966
E00353,Female,Manager,Married,14-10-1979
E00354,Male,Research Scientist,Divorced,14-10-1973
E00355,Female,Sales Executive,Married,07-07-1976
E00356,Male,Sales Executive,Married,03-12-1953
E00357,Male,Healthcare Representative,Single,16-07-1970
E00358,Female,Sales Representative,Single,08-10-1982
E00359,Female,Sales Executive,Single,31-08-1971
E00360,Male,Sales Executive,Married,31-07-1987
E00361,Male,Healthcare Representative,Married,14-07-1976
E00362,Female,Laboratory Technician,Married,17-04-1979
E00363,Male,Sales Representative,Single,19-02-1987
E00364,Female,Sales Representative,Single,18-03-1983
E00365,Female,Laboratory Technician,Married,21-09-1978
E00366,Female,Manufacturing Director,Married,22-03-1964
E00367,Male,Sales Executive,Single,11-11-1960
E00368,Male,Healthcare Representative,Single,27-02-1985
E00369,Male,Sales Executive,Married,12-03-1970
E00370,Male,Research Scientist,Single,29-11-1966
E00371,Female,Sales Representative,Single,08-02-1956
E00372,Male,Research Scientist,Single,17-08-1992
E00373,Male,Healthcare Representative,Single,20-05-1980
E00374,Male,Laboratory Technician,Divorced,29-01-1990
E00375,Male,Sales Executive,Single,30-03-1982
E00376,Male,Healthcare Representative,Single,29-10-1968
E00377,Female,Sales Executive,Married,27-03-1993
E00378,Female,Research Scientist,Married,25-10-1970
E00379,Male,Sales Executive,Single,20-06-1970
E00380,Female,Manager,Single,22-08-1983
E00381,Female,Sales Executive,Divorced,15-01-1959
E00382,Male,Sales Representative,Married,17-09-1973
E00383,Male,Research Scientist,Single,21-09-1980
E00384,Female,Research Scientist,Married,10-06-1975
E00385,Male,Sales Executive,Married,06-01-1995
E00386,Male,Research Scientist,Single,08-12-1970
E00387,Female,Laboratory Technician,Divorced,01-02-1992
E00388,Female,Sales Executive,Divorced,04-07-1974
E00389,Female,Laboratory Technician,Divorced,17-07-1984
E00390,Male,Manufacturing Director,Single,08-01-1989
E00391,Male,Research Director,Divorced,04-04-1964
E00392,Female,Laboratory Technician,Married,04-03-1983
E00393,Male,Research Director,Married,14-01-1977
E00394,Female,Sales Executive,Married,15-08-1972
E00395,Female,Manufacturing Director,Married,05-03-1967
E00396,Male,Laboratory Technician,Married,24-03-1971
E00397,Female,Healthcare Representative,Divorced,28-03-1969
E00398,Female,Sales Executive,Single,16-08-1978
E00399,Female,Research Scientist,Married,08-03-1969
E00400,Male,Laboratory Technician,Married,06-11-1968
E00401,Male,Manager,Divorced,28-04-1994
E00402,Female,Sales Executive,Married,10-01-1981
E00403,Female,Sales Executive,Single,28-11-1970
E00404,Male,Sales Executive,Married,12-11-1977
E00405,Male,Laboratory Technician,Divorced,27-02-1981
E00406,Male,Laboratory Technician,Married,18-12-1981
E00407,Male,Manufacturing Director,Married,27-08-1973
E00408,Male,Research Scientist,Married,20-01-1970
E00409,Female,Manager,Married,07-07-1972
E00410,Female,Research Scientist,Divorced,13-06-1982
E00411,Female,Manufacturing Director,Single,23-07-1977
E00412,Female,Manager,Married,10-05-1976
E00413,Female,Manufacturing Director,Divorced,18-11-1969
E00414,Female,Healthcare Representative,Married,07-02-1977
E00415,Female,Sales Representative,Single,07-01-1985
E00416,Female,Sales Representative,Divorced,06-05-1963
E00417,Male,Laboratory Technician,Married,06-03-1964
E00418,Female,Manager,Married,15-05-1974
E00419,Female,Research Scientist,Divorced,02-04-1966
E00420,Male,Laboratory Technician,Married,18-12-1968
E00421,Male,Research Director,Married,08-09-1966
E00422,Female,Research Scientist,Married,18-02-1972
E00423,Male,Human Resources,Single,23-01-1981
E00424,Female,Sales Executive,Married,28-10-1992
E00425,Male,Manager,Divorced,16-04-1973
E00426,Male,Manager,Married,08-03-1971
E00427,Female,Laboratory Technician,Single,11-06-1972
E00428,Female,Sales Executive,Married,22-05-1967
E00429,Female,Manufacturing Director,Divorced,01-11-1986
E00430,Male,Research Director,Married,21-10-1973
E00431,Male,Laboratory Technician,Single,13-06-1971
E00432,Female,Laboratory Technician,Single,12-01-1960
E00433,Male,Research Scientist,Divorced,16-07-1975
E00434,Female,Sales Executive,Married,19-10-1976
E00435,Male,Manufacturing Director,Divorced,03-07-1974
E00436,Male,Manager,Married,12-09-1976
E00437,Male,Laboratory Technician,Divorced,24-08-1973
E00438,Male,Sales Representative,Single,28-02-1986
E00439,Male,Healthcare Representative,Married,14-03-1989
E00440,Male,Healthcare Representative,Married,08-09-1979
E00441,Female,Human Resources,Divorced,22-04-1979
E00442,Male,Laboratory Technician,Married,06-12-1971
E00443,Male,Sales Executive,Single,20-07-1979
E00444,Male,Laboratory Technician,Single,15-12-1976
E00445,Female,Sales Executive,Married,20-10-1967
E00446,Female,Manager,Single,26-02-1958
E00447,Male,Sales Executive,Single,09-05-1982
E00448,Male,Sales Executive,Married,06-07-1960
E00449,Female,Manufacturing Director,Single,15-05-1963
E00450,Female,Laboratory Technician,Married,13-10-1996
E00451,Male,Sales Executive,Single,13-10-1967
E00452,Male,Manufacturing Director,Married,29-02-1972
E00453,Male,Sales Executive,Married,02-03-1974
E00454,Female,Human Resources,Divorced,05-07-1966
E00455,Male,Manufacturing Director,Divorced,07-06-1962
E00456,Female,Research Director,Divorced,08-02-1975
E00457,Male,Manager,Divorced,20-07-1962
E00458,Male,Sales Representative,Single,14-11-1979
E00459,Male,Sales Executive,Divorced,14-09-1972
E00460,Female,Healthcare Representative,Single,26-12-1972
E00461,Male,Sales Executive,Divorced,15-11-1969
E00462,Female,Sales Executive,Single,15-09-1976
E00463,Male,Sales Executive,Single,28-10-1965
E00464,Male,Laboratory Technician,Single,31-07-1965
E00465,Female,Manufacturing Director,Single,23-04-1989
E00466,Female,Healthcare Representative,Married,03-03-1981
E00467,Female,Manager,Married,08-12-1973
E00468,Male,Sales Executive,Divorced,24-07-1984
E00469,Male,Research Scientist,Divorced,08-03-1960
E00470,Male,Sales Executive,Married,12-07-1970
E00471,Male,Sales Representative,Married,20-01-1968
E00472,Female,Healthcare Representative,Married,29-11-1971
E00473,Female,Manufacturing Director,Married,04-12-1981
E00474,Male,Research Director,Divorced,26-03-1971
E00475,Male,Research Scientist,Married,11-07-1977
E00476,Male,Sales Executive,Married,21-07-1987
E00477,Male,Laboratory Technician,Married,22-11-1955
E00478,Male,Manager,Married,25-02-1986
E00479,Male,Sales Representative,Married,07-03-1976
E00480,Female,Laboratory Technician,Married,02-10-1971
E00481,Male,Sales Representative,Married,01-08-1988
E00482,Male,Research Scientist,Married,13-10-1983
E00483,Male,Sales Executive,Divorced,12-05-1963
E00484,Male,Laboratory Technician,Single,10-09-1984
E00485,Male,Sales Executive,Divorced,08-11-1973
E00486,Female,Research Scientist,Divorced,23-11-1969
E00487,Male,Sales Executive,Married,20-02-1972
E00488,Female,Research Scientist,Single,03-03-1971
E00489,Female,Healthcare Representative,Married,06-11-1977
E00490,Male,Research Director,Divorced,07-05-1971
E00491,Female,Research Scientist,Single,09-09-1968
E00492,Male,Laboratory Technician,Divorced,19-01-1990
E00493,Female,Manager,Married,25-12-1974
E00494,Female,Human Resources,Single,05-07-1995
E00495,Female,Sales Representative,Divorced,03-10-1986
E00496,Male,Sales Representative,Divorced,27-12-1977
E00497,Male,Sales Representative,Single,22-12-1964
E00498,Male,Manager,Married,06-06-1967
E00499,Male,Research Scientist,Married,08-01-1968
E00500,Male,Sales Executive,Divorced,02-04-1973
E00501,Female,Research Scientist,Married,24-11-1975
E00502,Female,Research Scientist,Divorced,10-12-1962
E00503,Female,Sales Executive,Single,29-01-1973
E00504,Male,Research Scientist,Married,31-12-1972
E00505,Female,Sales Executive,Married,18-07-1979
E00506,Female,Laboratory Technician,Married,07-05-1981
E00507,Male,Manufacturing Director,Married,17-03-1971
E00508,Female,Sales Executive,Married,15-12-1976
E00509,Male,Research Scientist,Single,29-11-1979
E00510,Male,Healthcare Representative,Divorced,22-12-1991
E00511,Male,Human Resources,Married,29-09-1964
E00512,Male,Manufacturing Director,Divorced,23-07-1993
E00513,Male,Research Scientist,Single,05-03-1977
E00514,Male,Research Scientist,Single,03-01-1994
E00515,Male,Research Scientist,Single,11-05-1984
E00516,Male,Laboratory Technician,Married,03-10-1977
E00517,Male,Research Scientist,Married,05-01-1971
E00518,Male,Sales Executive,Married,24-11-1982
E00519,Female,Sales Executive,Single,13-07-1972
E00520,Male,Research Scientist,Divorced,26-07-1977
E00521,Male,Sales Executive,Married,16-12-1990
E00522,Female,Sales Executive,Divorced,06-02-1971
E00523,Male,Research Scientist,Single,03-12-1988
E00524,Male,Laboratory Technician,Married,01-02-1983
E00525,Female,Healthcare Representative,Single,15-07-1976
E00526,Female,Sales Executive,Single,03-03-1982
E00527,Female,Healthcare Representative,Single,20-08-1972
E00528,Male,Sales Executive,Single,16-03-1972
E00529,Male,Sales Executive,Married,23-12-1964
E00530,Female,Healthcare Representative,Single,10-05-1958
E00531,Female,Manufacturing Director,Married,08-10-1986
E00532,Female,Research Director,Single,27-08-1971
E00533,Male,Sales Executive,Single,30-04-1982
E00534,Male,Sales Executive,Married,04-08-1967
E00535,Male,Research Director,Married,18-12-1971
E00536,Male,Manager,Divorced,10-01-1982
E00537,Male,Sales Executive,Single,20-01-1973
E00538,Male,Manufacturing Director,Divorced,20-10-1970
E00539,Male,Manager,Married,25-12-1990
E00540,Male,Sales Representative,Married,01-05-1977
E00541,Female,Research Scientist,Single,17-01-1965
E00542,Female,Research Director,Married,20-07-1972
E00543,Female,Manufacturing Director,Single,11-03-1977
E00544,Male,Laboratory Technician,Single,03-08-1988
E00545,Female,Sales Executive,Divorced,11-03-1995
E00546,Male,Sales Executive,Divorced,27-08-1974
E00547,Male,Sales Representative,Single,04-07-1971
E00548,Male,Research Scientist,Divorced,19-12-1980
E00549,Male,Sales Executive,Married,14-12-1992
E00550,Female,Healthcare Representative,Single,18-11-1975
E00551,Male,Laboratory Technician,Married,09-09-1969
E00552,Female,Human Resources,Married,11-05-1959
E00553,Male,Healthcare Representative,Married,23-07-1962
E00554,Female,Research Scientist,Single,19-03-1979
E00555,Female,Healthcare Representative,Single,19-04-1974
E00556,Male,Sales Representative,Divorced,21-02-1995
E00557,Male,Laboratory Technician,Single,10-10-1973
E00558,Female,Healthcare Representative,Divorced,19-06-1986
E00559,Male,Laboratory Technician,Married,28-05-1981
E00560,Male,Research Scientist,Married,05-10-1974
E00561,Female,Manufacturing Director,Divorced,31-07-1955
E00562,Male,Manager,Married,15-01-1967
E00563,Male,Research Scientist,Single,04-04-1970
E00564,Female,Sales Executive,Single,01-12-1978
E00565,Male,Sales Representative,Single,19-11-1988
E00566,Male,Research Scientist,Single,21-06-1979
E00567,Female,Sales Executive,Single,02-08-1966
E00568,Male,Sales Executive,Single,29-10-1973
E00569,Male,Manager,Married,06-01-1995
E00570,Male,Sales Executive,Single,27-11-1970
E00571,Male,Research Scientist,Married,27-01-1972
E00572,Female,Laboratory Technician,Divorced,06-03-1991
E00573,Female,Healthcare Representative,Married,30-11-1973
E00574,Male,Sales Executive,Single,13-10-1965
E00575,Female,Research Scientist,Single,17-04-1985
E00576,Female,Manufacturing Director,Divorced,23-09-1965
E00577,Male,Sales Executive,Married,31-03-1969
E00578,Female,Research Scientist,Divorced,12-11-1969
E00579,Female,Manufacturing Director,Single,06-03-1981
E00580,Female,Research Scientist,Single,04-04-1964
E00581,Female,Sales Representative,Married,16-06-1974
E00582,Male,Laboratory Technician,Married,01-09-1978
E00583,Female,Healthcare Representative,Married,26-04-1952
E00584,Female,Sales Executive,Married,29-11-1988
E00585,Male,Manager,Divorced,21-12-1961
E00586,Male,Laboratory Technician,Married,02-02-1970
E00587,Male,Laboratory Technician,Divorced,21-07-1981
E00588,Female,Laboratory Technician,Married,14-09-1974
E00589,Male,Research Director,Married,05-06-1966
E00590,Female,Laboratory Technician,Married,28-03-1970
E00591,Male,Research Director,Married,24-06-1989
E00592,Female,Sales Executive,Single,06-12-1988
E00593,Female,Manager,Married,21-01-1981
E00594,Female,Manufacturing Director,Married,16-09-1979
E00595,Male,Research Scientist,Married,18-06-1977
E00596,Male,Research Director,Single,11-08-1967
E00597,Female,Research Scientist,Single,28-01-1983
E00598,Female,Manufacturing Director,Married,21-03-1974
E00599,Male,Research Scientist,Single,05-09-1983
E00600,Male,Human Resources,Married,08-04-1975
E00601,Female,Manufacturing Director,Married,10-07-1972
E00602,Male,Laboratory Technician,Single,25-10-1979
E00603,Female,Manufacturing Director,Single,18-12-1976
E00604,Female,Research Scientist,Single,26-12-1977
E00605,Male,Manufacturing Director,Married,05-01-1978
E00606,Male,Healthcare Representative,Divorced,25-03-1969
E00607,Female,Research Scientist,Single,16-11-1990
E00608,Female,Sales Executive,Married,07-12-1981
E00609,Male,Sales Executive,Single,05-01-1972
E00610,Male,Research Director,Married,07-08-1973
E00611,Male,Research Director,Divorced,07-03-1989
E00612,Male,Manufacturing Director,Single,16-12-1987
E00613,Female,Sales Executive,Married,26-03-1985
E00614,Male,Human Resources,Married,27-03-1961
E00615,Female,Research Scientist,Married,21-03-1977
E00616,Male,Research Scientist,Married,19-12-1960
E00617,Female,Manager,Married,26-02-1990
E00618,Male,Healthcare Representative,Single,28-06-1970
E00619,Male,Research Scientist,Single,04-07-1987
E00620,Male,Sales Executive,Divorced,13-10-1970
E00621,Female,Research Scientist,Single,29-07-1981
E00622,Male,Sales Executive,Married,24-06-1962
E00623,Male,Sales Executive,Divorced,18-06-1990
E00624,Male,Research Scientist,Divorced,21-07-1980
E00625,Female,Sales Executive,Married,14-03-1968
E00626,Male,Sales Executive,Divorced,03-11-1974
E00627,Female,Research Scientist,Married,01-12-1981
E00628,Female,Manufacturing Director,Married,28-09-1964
E00629,Male,Sales Executive,Divorced,01-10-1976
E00630,Male,Human Resources,Divorced,04-02-1976
E00631,Male,Manufacturing Director,Married,03-11-1968
E00632,Male,Laboratory Technician,Married,02-02-1983
E00633,Male,Research Scientist,Single,03-06-1978
E00634,Male,Human Resources,Married,02-01-1969
E00635,Male,Sales Executive,Married,27-08-1978
E00636,Female,Manufacturing Director,Married,09-02-1978
E00637,Female,Research Scientist,Divorced,26-10-1977
E00638,Male,Laboratory Technician,Divorced,17-08-1980
E00639,Male,Sales Executive,Married,24-09-1985
E00640,Female,Research Scientist,Married,05-08-1979
E00641,Male,Laboratory Technician,Married,20-09-1971
E00642,Male,Sales Executive,Married,01-07-1987
E00643,Male,Sales Representative,Married,13-11-1990
E00644,Female,Laboratory Technician,Married,25-01-1996
E00645,Male,Research Scientist,Married,15-06-1995
E00646,Female,Sales Representative,Divorced,20-08-1985
E00647,Male,Sales Executive,Married,03-02-1990
E00648,Male,Manufacturing Director,Married,09-02-1977
E00649,Female,Sales Representative,Married,25-08-1977
E00650,Female,Research Director,Single,06-05-1977
E00651,Female,Healthcare Representative,Married,22-10-1985
E00652,Female,Sales Executive,Married,17-12-1975
E00653,Male,Sales Executive,Single,25-07-1961
E00654,Male,Manager,Divorced,26-09-1965
E00655,Female,Human Resources,Married,21-10-1981
E00656,Male,Human Resources,Divorced,26-01-1982
E00657,Male,Laboratory Technician,Single,25-07-1977
E00658,Female,Laboratory Technician,Divorced,06-02-1979
E00659,Male,Research Scientist,Married,15-05-1979
E00660,Male,Sales Executive,Single,07-02-1973
E00661,Male,Laboratory Technician,Divorced,09-01-1964
E00662,Female,Manufacturing Director,Divorced,04-12-1994
E00663,Female,Sales Representative,Single,25-05-1977
E00664,Female,Research Scientist,Single,12-12-1973
E00665,Male,Healthcare Representative,Married,24-01-1980
E00666,Female,Sales Representative,Single,13-01-1968
E00667,Female,Manufacturing Director,Married,24-11-1975
E00668,Female,Laboratory Technician,Divorced,08-05-1992
E00669,Female,Research Scientist,Divorced,25-10-1970
E00670,Male,Laboratory Technician,Married,16-11-1975
E00671,Female,Research Scientist,Single,07-05-1978
E00672,Male,Laboratory Technician,Divorced,14-01-1990
E00673,Female,Sales Executive,Single,15-06-1961
E00674,Male,Research Scientist,Single,12-01-1980
E00675,Female,Healthcare Representative,Divorced,21-01-1985
E00676,Male,Sales Representative,Married,10-07-1972
E00677,Female,Healthcare Representative,Married,29-08-1995
E00678,Female,Laboratory Technician,Married,12-06-1990
E00679,Male,Research Scientist,Married,22-03-1964
E00680,Female,Sales Executive,Married,04-11-1972
E00681,Male,Research Scientist,Single,14-09-1956
E00682,Female,Research Director,Married,27-06-1968
E00683,Female,Laboratory Technician,Married,01-05-1979
E00684,Male,Sales Representative,Married,12-12-1997
E00685,Male,Sales Executive,Divorced,15-12-1970
E00686,Male,Sales Executive,Single,23-07-1977
E00687,Male,Laboratory Technician,Single,18-10-1972
E00688,Male,Laboratory Technician,Single,11-08-1967
E00689,Male,Sales Representative,Single,06-03-1983
E00690,Male,Laboratory Technician,Single,27-07-1963
E00691,Female,Healthcare Representative,Married,07-08-1972
E00692,Male,Research Scientist,Divorced,22-12-1995
E00693,Female,Manufacturing Director,Married,18-11-1975
E00694,Male,Sales Executive,Married,10-01-1981
E00695,Female,Healthcare Representative,Single,26-10-1979
E00696,Male,Sales Executive,Married,27-10-1973
E00697,Male,Laboratory Technician,Married,06-10-1977
E00698,Female,Sales Representative,Married,20-04-1977
E00699,Female,Sales Executive,Married,22-06-1969
E00700,Male,Manager,Married,25-09-1978
E00701,Male,Research Scientist,Single,16-10-1991
E00702,Male,Manager,Divorced,07-09-1976
E00703,Male,Sales Executive,Divorced,14-10-1965
E00704,Female,Sales Executive,Single,29-01-1975
E00705,Male,Sales Executive,Divorced,22-06-1980
E00706,Male,Sales Executive,Single,30-05-1985
E00707,Female,Sales Executive,Single,23-07-1975
E00708,Male,Manufacturing Director,Divorced,31-05-1964
E00709,Male,Sales Executive,Divorced,31-05-1983
E00710,Male,Research Scientist,Single,02-05-1971
E00711,Male,Manager,Single,19-06-1965
E00712,Female,Research Scientist,Single,08-11-1976
E00713,Female,Research Scientist,Single,24-02-1972
E00714,Female,Laboratory Technician,Divorced,28-01-1966
E00715,Male,Research Director,Divorced,02-11-1969
E00716,Female,Healthcare Representative,Married,15-02-1984
E00717,Male,Research Director,Divorced,31-05-1970
E00718,Female,Laboratory Technician,Married,24-03-1971
E00719,Male,Laboratory Technician,Married,12-06-1988
E00720,Female,Sales Executive,Single,25-08-1988
E00721,Female,Research Scientist,Married,06-02-1983
E00722,Male,Manufacturing Director,Married,01-12-1986
E00723,Male,Research Scientist,Married,04-05-1995
E00724,Male,Manufacturing Director,Divorced,27-03-1988
E00725,Female,Manufacturing Director,Divorced,01-04-1983
E00726,Male,Laboratory Technician,Divorced,01-12-1983
E00727,Female,Manufacturing Director,Married,02-11-1978
E00728,Male,Research Scientist,Single,31-07-1982
E00729,Female,Manufacturing Director,Married,21-02-1970
E00730,Female,Healthcare Representative,Divorced,14-09-1965
E00731,Female,Research Director,Married,30-06-1984
E00732,Female,Research Scientist,Single,30-05-1978
E00733,Female,Laboratory Technician,Single,19-03-1973
E00734,Male,Manufacturing Director,Married,30-09-1994
E00735,Male,Laboratory Technician,Married,19-01-1977
E00736,Male,Healthcare Representative,Single,15-10-1972
E00737,Male,Healthcare Representative,Single,09-04-1963
E00738,Female,Manufacturing Director,Single,15-02-1969
E00739,Female,Manufacturing Director,Married,06-01-1995
E00740,Female,Manufacturing Director,Married,24-02-1967
E00741,Male,Laboratory Technician,Divorced,19-10-1973
E00742,Male,Manager,Married,17-03-1962
E00743,Male,Laboratory Technician,Married,01-04-1957
E00744,Female,Manufacturing Director,Single,29-09-1961
E00745,Female,Healthcare Representative,Married,03-03-1974
E00746,Male,Healthcare Representative,Married,19-05-1974
E00747,Female,Research Director,Divorced,01-04-1982
E00748,Male,Sales Executive,Single,18-01-1996
E00749,Male,Sales Executive,Single,25-02-1966
E00750,Female,Manager,Married,23-04-1973
E00751,Female,Sales Executive,Married,20-03-1967
E00752,Female,Sales Executive,Married,22-06-1995
E00753,Female,Laboratory Technician,Single,24-09-1978
E00754,Female,Manufacturing Director,Single,02-05-1950
E00755,Female,Sales Representative,Single,09-04-1973
E00756,Female,Manager,Married,28-02-1964
E00757,Female,Laboratory Technician,Single,22-03-1986
E00758,Male,Sales Executive,Divorced,25-12-1967
E00759,Male,Manager,Married,09-05-1972
E00760,Male,Human Resources,Single,31-03-1974
E00761,Female,Sales Executive,Married,09-12-1986
E00762,Male,Laboratory Technician,Divorced,12-02-1963
E00763,Male,Research Scientist,Married,19-12-1965
E00764,Female,Sales Representative,Married,21-07-1989
E00765,Male,Sales Representative,Married,18-06-1979
E00766,Male,Research Scientist,Married,05-11-1980
E00767,Male,Research Director,Married,22-09-1984
E00768,Female,Healthcare Representative,Single,28-05-1979
E00769,Male,Sales Executive,Married,13-05-1971
E00770,Female,Research Scientist,Divorced,14-06-1960
E00771,Male,Research Director,Divorced,04-07-1971
E00772,Female,Sales Executive,Married,23-04-1979
E00773,Female,Research Scientist,Married,28-02-1990
E00774,Female,Manufacturing Director,Single,09-01-1967
E00775,Male,Manager,Single,05-10-1980
E00776,Male,Sales Executive,Divorced,20-01-1987
E00777,Female,Sales Representative,Single,01-03-1973
E00778,Female,Laboratory Technician,Single,26-09-1961
E00779,Female,Research Scientist,Divorced,10-03-1959
E00780,Male,Research Scientist,Married,07-09-1974
E00781,Male,Healthcare Representative,Single,21-03-1986
E00782,Male,Laboratory Technician,Married,16-12-1984
E00783,Male,Manufacturing Director,Married,05-08-1971
E00784,Female,Research Scientist,Married,25-01-1973
E00785,Female,Healthcare Representative,Married,03-08-1969
E00786,Male,Healthcare Representative,Married,16-09-1974
E00787,Male,Laboratory Technician,Married,15-04-1979
E00788,Male,Manufacturing Director,Married,11-01-1980
E00789,Female,Research Scientist,Single,12-03-1981
E00790,Male,Human Resources,Married,04-08-1993
E00791,Male,Healthcare Representative,Divorced,06-01-1995
E00792,Male,Sales Executive,Single,07-09-1972
E00793,Female,Research Scientist,Single,13-07-1967
E00794,Male,Laboratory Technician,Divorced,27-09-1973
E00795,Male,Healthcare Representative,Single,29-07-1973
E00796,Female,Sales Executive,Divorced,16-09-1976
E00797,Male,Laboratory Technician,Married,14-10-1982
E00798,Male,Laboratory Technician,Divorced,23-11-1983
E00799,Male,Research Scientist,Single,26-07-1986
E00800,Male,Manager,Married,18-01-1968
E00801,Male,Laboratory Technician,Divorced,18-03-1975
E00802,Male,Sales Executive,Single,17-09-1965
E00803,Female,Sales Executive,Married,24-05-1974
E00804,Male,Research Scientist,Married,13-05-1971
E00805,Male,Manager,Single,08-12-1967
E00806,Female,Sales Executive,Married,17-01-1977
E00807,Male,Healthcare Representative,Single,03-07-1968
E00808,Male,Sales Executive,Divorced,10-03-1954
E00809,Female,Research Scientist,Divorced,28-12-1966
E00810,Female,Manufacturing Director,Divorced,20-02-1957
E00811,Male,Manager,Married,21-11-1965
E00812,Male,Sales Executive,Single,16-09-1968
E00813,Female,Manufacturing Director,Married,30-12-1972
E00814,Male,Healthcare Representative,Divorced,11-12-1976
E00815,Male,Research Director,Single,09-10-1970
E00816,Female,Research Scientist,Single,27-01-1964
E00817,Male,Laboratory Technician,Single,21-12-1982
E00818,Male,Manufacturing Director,Single,24-09-1967
E00819,Male,Sales Representative,Married,18-06-1982
E00820,Male,Research Scientist,Married,05-01-1977
E00821,Male,Sales Executive,Divorced,10-11-1973
E00822,Male,Sales Executive,Married,19-12-1956
E00823,Male,Manufacturing Director,Single,26-06-1973
E00824,Female,Research Scientist,Divorced,27-08-1980
E00825,Male,Laboratory Technician,Single,17-07-1973
E00826,Male,Manufacturing Director,Married,06-07-1950
E00827,Male,Human Resources,Married,16-01-1973
E00828,Male,Research Scientist,Divorced,16-01-1976
E00829,Male,Laboratory Technician,Single,17-04-1980
E00830,Female,Sales Executive,Single,10-01-1968
E00831,Male,Laboratory Technician,Married,31-10-1982
E00832,Male,Laboratory Technician,Married,25-03-1963
E00833,Female,Healthcare Representative,Divorced,06-01-1971
E00834,Male,Research Scientist,Married,31-12-1977
E00835,Female,Sales Executive,Married,27-02-1974
E00836,Male,Human Resources,Single,07-06-1972
E00837,Female,Sales Executive,Married,05-11-1971
E00838,Female,Research Director,Single,30-01-1971
E00839,Male,Sales Executive,Single,10-11-1977
E00840,Male,Sales Executive,Single,13-08-1975
E00841,Male,Laboratory Technician,Married,13-11-1984
E00842,Male,Laboratory Technician,Single,24-01-1970
E00843,Female,Laboratory Technician,Married,19-06-1963
E00844,Male,Laboratory Technician,Married,02-07-1972
E00845,Male,Sales Executive,Married,09-02-1981
E00846,Female,Research Scientist,Married,14-12-1978
E00847,Male,Manufacturing Director,Divorced,07-06-1965
E00848,Male,Healthcare Representative,Single,14-05-1966
E00849,Male,Laboratory Technician,Married,08-01-1963
E00850,Female,Sales Executive,Single,14-10-1970
E00851,Female,Sales Representative,Divorced,10-10-1978
E00852,Female,Manager,Divorced,10-04-1984
E00853,Female,Laboratory Technician,Married,07-08-1948
E00854,Male,Research Scientist,Single,20-06-1973
E00855,Female,Research Scientist,Married,01-11-1979
E00856,Female,Manufacturing Director,Married,26-02-1971
E00857,Male,Laboratory Technician,Single,07-08-1973
E00858,Male,Research Scientist,Single,13-06-1991
E00859,Female,Manager,Divorced,08-07-1969
E00860,Female,Research Scientist,Married,19-05-1985
E00861,Male,Research Scientist,Married,23-12-1973
E00862,Female,Manager,Married,10-02-1989
E00863,Male,Research Scientist,Single,03-05-1974
E00864,Male,Human Resources,Married,25-01-1971
E00865,Male,Research Scientist,Divorced,17-07-1961
E00866,Male,Sales Executive,Divorced,21-02-1972
E00867,Male,Sales Executive,Married,28-04-1969
E00868,Female,Manager,Married,03-09-1983
E00869,Male,Laboratory Technician,Married,13-06-1972
E00870,Male,Research Director,Married,14-10-1971
E00871,Male,Sales Executive,Married,30-09-1981
E00872,Female,Laboratory Technician,Married,28-06-1969
E00873,Female,Sales Executive,Married,04-11-1968
E00874,Male,Laboratory Technician,Divorced,02-07-1988
E00875,Male,Laboratory Technician,Divorced,14-02-1988
E00876,Male,Research Scientist,Single,20-05-1986
E00877,Male,Sales Representative,Single,01-01-1988
E00878,Male,Manufacturing Director,Divorced,23-08-1956
E00879,Male,Human Resources,Married,07-04-1982
E00880,Male,Sales Executive,Divorced,06-10-1976
E00881,Female,Laboratory Technician,Married,16-07-1968
E00882,Female,Research Scientist,Single,10-10-1982
E00883,Female,Manufacturing Director,Divorced,02-03-1972
E00884,Male,Research Scientist,Married,27-01-1971
E00885,Female,Sales Executive,Divorced,10-01-1972
E00886,Male,Sales Executive,Single,18-09-1964
E00887,Male,Research Scientist,Married,11-06-1982
E00888,Female,Research Director,Married,12-02-1971
E00889,Female,Sales Executive,Married,14-10-1969
E00890,Male,Research Scientist,Married,14-05-1968
E00891,Female,Manufacturing Director,Divorced,14-04-1994
E00892,Female,Research Scientist,Married,28-04-1974
E00893,Female,Research Scientist,Single,02-12-1957
E00894,Female,Research Scientist,Divorced,29-07-1997
E00895,Male,Research Director,Married,13-07-1953
E00896,Male,Healthcare Representative,Married,24-12-1985
E00897,Female,Healthcare Representative,Single,04-03-1979
E00898,Female,Sales Executive,Single,16-08-1974
E00899,Male,Research Director,Married,21-03-1990
E00900,Male,Manager,Married,08-11-1974
E00901,Male,Research Scientist,Married,17-10-1964
E00902,Male,Laboratory Technician,Single,16-02-1982
E00903,Male,Research Scientist,Divorced,04-10-1981
E00904,Male,Healthcare Representative,Divorced,12-12-1972
E00905,Male,Research Director,Single,02-01-1976
E00906,Female,Research Director,Divorced,10-02-1986
E00907,Female,Research Scientist,Married,10-02-1975
E00908,Male,Manager,Married,22-02-1979
E00909,Male,Sales Executive,Divorced,25-08-1987
E00910,Female,Research Scientist,Single,12-01-1982
E00911,Male,Research Scientist,Married,19-06-1968
E00912,Male,Sales Representative,Single,02-05-1968
E00913,Male,Research Scientist,Single,27-12-1967
E00914,Female,Manager,Single,19-10-1975
E00915,Male,Healthcare Representative,Divorced,08-09-1990
E00916,Female,Laboratory Technician,Single,29-09-1967
E00917,Female,Manager,Married,05-04-1977
E00918,Female,Sales Executive,Single,11-02-1969
E00919,Male,Manager,Divorced,19-02-1982
E00920,Male,Manufacturing Director,Single,04-09-1977
E00921,Female,Laboratory Technician,Divorced,06-01-1995
E00922,Male,Laboratory Technician,Single,27-07-1983
E00923,Male,Manager,Divorced,20-09-1975
E00924,Male,Human Resources,Married,04-04-1973
E00925,Male,Research Scientist,Married,30-04-1977
E00926,Female,Research Scientist,Married,14-07-1972
E00927,Female,Sales Executive,Single,17-09-1972
E00928,Female,Manufacturing Director,Single,11-02-1981
E00929,Female,Healthcare Representative,Married,29-12-1956
E00930,Male,Laboratory Technician,Married,25-05-1988
E00931,Female,Laboratory Technician,Single,25-08-1972
E00932,Female,Manufacturing Director,Single,07-12-1975
E00933,Female,Laboratory Technician,Divorced,01-11-1981
E00934,Male,Research Scientist,Single,23-06-1974
E00935,Female,Research Scientist,Single,31-12-1976
E00936,Male,Sales Executive,Married,07-10-1986
E00937,Female,Manager,Single,07-09-1979
E00938,Female,Manager,Divorced,18-02-1962
E00939,Male,Research Scientist,Divorced,08-03-1990
E00940,Male,Laboratory Technician,Married,21-10-1982
E00941,Male,Research Scientist,Single,05-03-1983
E00942,Female,Laboratory Technician,Married,10-08-1984
E00943,Female,Healthcare Representative,Married,02-08-1976
E00944,Female,Human Resources,Single,18-06-1969
E00945,Female,Laboratory Technician,Married,09-10-1957
E00946,Female,Research Director,Married,03-02-1978
E00947,Male,Sales Executive,Single,02-12-1971
E00948,Male,Sales Executive,Single,26-05-1974
E00949,Female,Manager,Married,22-05-1979
E00950,Male,Manufacturing Director,Single,12-03-1977
E00951,Female,Sales Executive,Divorced,14-06-1974
E00952,Male,Sales Executive,Single,19-06-1967
E00953,Female,Sales Representative,Single,08-06-1977
E00954,Male,Laboratory Technician,Married,05-01-1981
E00955,Male,Manager,Married,24-11-1984
E00956,Female,Manager,Married,16-01-1981
E00957,Male,Manager,Single,23-03-1980
E00958,Male,Research Scientist,Divorced,11-11-1960
E00959,Male,Healthcare Representative,Divorced,21-03-1977
E00960,Male,Research Scientist,Single,14-04-1991
E00961,Female,Sales Executive,Divorced,25-03-1969
E00962,Male,Research Scientist,Single,22-02-1980
E00963,Male,Manager,Divorced,12-07-1980
E00964,Female,Sales Executive,Divorced,29-06-1988
E00965,Female,Sales Executive,Single,25-05-1967
E00966,Male,Laboratory Technician,Married,08-08-1975
E00967,Female,Manufacturing Director,Married,27-11-1968
E00968,Male,Laboratory Technician,Married,20-07-1979
E00969,Female,Sales Executive,Married,24-03-1977
E00970,Male,Manufacturing Director,Single,15-01-1981
E00971,Female,Sales Representative,Married,31-10-1966
E00972,Female,Manufacturing Director,Single,15-09-1967
E00973,Female,Laboratory Technician,Single,21-12-1971
E00974,Female,Laboratory Technician,Married,04-11-1965
E00975,Male,Sales Executive,Single,19-02-1978
E00976,Male,Sales Executive,Single,21-06-1979
E00977,Male,Manufacturing Director,Married,07-08-1979
E00978,Female,Research Scientist,Divorced,17-05-1957
E00979,Female,Healthcare Representative,Divorced,29-07-1976
E00980,Male,Laboratory Technician,Married,23-04-1992
E00981,Female,Sales Representative,Single,10-05-1975
E00982,Female,Sales Executive,Married,25-01-1971
E00983,Male,Research Scientist,Divorced,06-01-1995
E00984,Female,Healthcare Representative,Single,07-08-1965
E00985,Male,Sales Executive,Married,07-12-1984
E00986,Male,Manufacturing Director,Married,24-04-1996
E00987,Male,Sales Executive,Married,21-06-1952
E00988,Male,Sales Executive,Married,07-04-1971
E00989,Female,Research Scientist,Divorced,06-06-1982
E00990,Male,Research Scientist,Married,22-01-1963
E00991,Male,Sales Executive,Married,12-03-1978
E00992,Male,Sales Executive,Married,18-01-1974
E00993,Male,Healthcare Representative,Married,04-04-1971
E00994,Male,Sales Executive,Married,15-08-1981
E00995,Female,Manufacturing Director,Married,21-10-1985
E00996,Female,Research Scientist,Single,15-05-1978
E00997,Female,Sales Executive,Married,06-06-1975
E00998,Female,Research Scientist,Single,07-08-1987
E00999,Male,Research Scientist,Single,24-11-1981
E01000,Female,Manager,Married,23-09-1982
E01001,Female,Laboratory Technician,Married,09-11-1981
E01002,Female,Laboratory Technician,Single,12-04-1993
E01003,Male,Manufacturing Director,Single,04-07-1965
E01004,Male,Laboratory Technician,Married,18-06-1987
E01005,Male,Laboratory Technician,Single,10-11-1966
E01006,Male,Human Resources,Single,30-10-1983
E01007,Male,Laboratory Technician,Single,01-04-1940
E01008,Female,Healthcare Representative,Single,15-06-1983
E01009,Female,Research Director,Single,23-08-1979
E01010,Female,Research Director,Married,26-08-1962
E01011,Male,Research Director,Divorced,24-10-1972
E01012,Female,Sales Executive,Single,18-05-1966
E01013,Female,Sales Representative,Single,21-03-1980
E01014,Female,Sales Executive,Divorced,14-03-1969
E01015,Female,Research Director,Single,12-11-1960
E01016,Male,Research Scientist,Divorced,17-07-1982
E01017,Female,Research Scientist,Single,22-11-1978
E01018,Male,Laboratory Technician,Married,19-06-1972
E01019,Male,Laboratory Technician,Single,19-08-1965
E01020,Female,Sales Executive,Married,14-02-1964
E01021,Male,Research Scientist,Married,26-01-1974
E01022,Male,Sales Representative,Married,26-09-1977
E01023,Male,Laboratory Technician,Single,18-04-1968
E01024,Female,Research Scientist,Married,07-10-1985
E01025,Female,Research Director,Married,18-02-1969
E01026,Female,Sales Executive,Married,22-12-1975
E01027,Male,Sales Executive,Married,23-09-1986
E01028,Female,Laboratory Technician,Married,02-10-1963
E01029,Male,Research Scientist,Married,30-05-1974
E01030,Male,Laboratory Technician,Divorced,07-03-1964
E01031,Male,Sales Executive,Divorced,27-12-1979
E01032,Male,Sales Executive,Divorced,14-07-1974
E01033,Female,Laboratory Technician,Single,02-03-1960
E01034,Female,Manufacturing Director,Single,15-04-1974
E01035,Male,Healthcare Representative,Divorced,18-05-1991
E01036,Female,Human Resources,Single,01-05-1962
E01037,Male,Laboratory Technician,Married,13-04-1983
E01038,Male,Manufacturing Director,Married,17-12-1994
E01039,Male,Sales Executive,Divorced,05-09-1964
E01040,Female,Human Resources,Married,08-12-1955
E01041,Male,Research Director,Divorced,07-04-1965
E01042,Male,Sales Executive,Single,10-06-1991
E01043,Male,Laboratory Technician,Single,08-01-1963
E01044,Male,Research Director,Single,31-10-1985
E01045,Male,Healthcare Representative,Married,04-10-1954
E01046,Male,Research Scientist,Divorced,12-04-1983
E01047,Male,Research Scientist,Single,14-02-1969
E01048,Male,Sales Executive,Married,13-10-1995
E01049,Male,Sales Executive,Single,15-02-1979
E01050,Male,Sales Executive,Married,21-09-1978
E01051,Female,Laboratory Technician,Single,13-02-1977
E01052,Female,Sales Executive,Married,07-06-1976
E01053,Male,Research Scientist,Divorced,20-12-1958
E01054,Male,Research Scientist,Married,02-03-1993
E01055,Male,Healthcare Representative,Divorced,19-12-1982
E01056,Male,Research Director,Divorced,08-04-1969
E01057,Male,Sales Representative,Married,30-04-1972
E01058,Female,Sales Executive,Single,11-09-1978
