EMPID,EducationField,JobRole,MonthlyRate,YearsAtCompany
E00001,Life Sciences,Sales Executive,19479,6
E00002,Life Sciences,Research Scientist,24907,10
E00003,Other,Laboratory Technician,2396,0
E00004,Life Sciences,Research Scientist,23159,8
E00005,Medical,Laboratory Technician,16632,2
E00006,Life Sciences,Laboratory Technician,11864,7
E00007,Medical,Laboratory Technician,9964,1
E00008,Life Sciences,Laboratory Technician,13335,1
E00009,Life Sciences,Manufacturing Director,8787,9
E00010,Medical,Healthcare Representative,16577,7
E00011,Medical,Laboratory Technician,16479,5
E00012,Life Sciences,Laboratory Technician,12682,9
E00013,Life Sciences,Research Scientist,15170,5
E00014,Medical,Laboratory Technician,8758,2
E00015,Life Sciences,Laboratory Technician,12947,4
E00016,Life Sciences,Manufacturing Director,10195,10
E00017,Life Sciences,Research Scientist,15053,6
E00018,Medical,Laboratory Technician,7324,1
E00019,Life Sciences,Manager,22021,25
E00020,Life Sciences,Research Scientist,4306,3
E00021,Other,Manufacturing Director,8232,4
E00022,Life Sciences,Sales Representative,6986,5
E00023,Life Sciences,Research Director,21293,12
E00024,Life Sciences,Research Scientist,19281,0
E00025,Medical,Research Scientist,17102,4
E00026,Other,Manager,10735,14
E00027,Life Sciences,Research Scientist,4681,10
E00028,Marketing,Sales Executive,21173,9
E00029,Medical,Healthcare Representative,2094,22
E00030,Marketing,Manager,22822,2
E00031,Medical,Laboratory Technician,6670,1
E00032,Other,Healthcare Representative,19121,4
E00033,Medical,Laboratory Technician,16117,10
E00034,Technical Degree,Sales Representative,3335,1
E00035,Medical,Research Scientist,3020,2
E00036,Medical,Research Scientist,21923,5
E00037,Marketing,Sales Representative,3810,3
E00038,Marketing,Sales Representative,9687,2
E00039,Life Sciences,Research Scientist,13072,1
E00040,Life Sciences,Sales Executive,3193,5
E00041,Other,Laboratory Technician,10910,1
E00042,Life Sciences,Laboratory Technician,19715,1
E00043,Life Sciences,Laboratory Technician,10558,1
E00044,Life Sciences,Sales Executive,2975,9
E00045,Medical,Laboratory Technician,10781,12
E00046,Technical Degree,Research Director,16280,22
E00047,Marketing,Sales Executive,10034,9
E00048,Life Sciences,Research Scientist,10227,1
E00049,Marketing,Sales Executive,20445,9
E00050,Life Sciences,Laboratory Technician,4892,1
E00051,Life Sciences,Laboratory Technician,19294,1
E00052,Technical Degree,Laboratory Technician,11179,2
E00053,Marketing,Sales Executive,4009,4
E00054,Medical,Healthcare Representative,8302,4
E00055,Marketing,Sales Executive,21436,2
E00056,Life Sciences,Research Director,15146,15
E00057,Life Sciences,Sales Executive,11031,9
E00058,Medical,Laboratory Technician,16002,2
E00059,Life Sciences,Laboratory Technician,9528,7
E00060,Life Sciences,Manufacturing Director,2689,7
E00061,Medical,Manufacturing Director,10877,9
E00062,Life Sciences,Laboratory Technician,5456,10
E00063,Medical,Research Director,16701,27
E00064,Life Sciences,Sales Executive,2354,21
E00065,Technical Degree,Healthcare Representative,8202,17
E00066,Medical,Manager,19730,5
E00067,Life Sciences,Manufacturing Director,22656,6
E00068,Life Sciences,Research Scientist,18787,1
E00069,Medical,Research Scientist,5868,3
E00070,Medical,Research Scientist,21777,1
E00071,Life Sciences,Sales Executive,24668,4
E00072,Life Sciences,Research Scientist,4956,5
E00073,Medical,Research Scientist,18775,1
E00074,Life Sciences,Research Scientist,7346,10
E00075,Life Sciences,Laboratory Technician,22002,1
E00076,Life Sciences,Manufacturing Director,20682,11
E00077,Marketing,Sales Executive,23016,15
E00078,Other,Research Director,15067,0
E00079,Medical,Research Director,25258,5
E00080,Medical,Human Resources,10425,4
E00081,Life Sciences,Laboratory Technician,15998,10
E00082,Medical,Research Scientist,26278,6
E00083,Life Sciences,Sales Executive,18092,1
E00084,Medical,Research Scientist,15717,13
E00085,Medical,Manufacturing Director,17736,5
E00086,Life Sciences,Manufacturing Director,21698,6
E00087,Technical Degree,Sales Representative,9518,0
E00088,Life Sciences,Laboratory Technician,18725,4
E00089,Life Sciences,Healthcare Representative,15830,11
E00090,Medical,Sales Executive,13596,9
E00091,Life Sciences,Healthcare Representative,14115,22
E00092,Marketing,Sales Executive,8423,10
E00093,Medical,Sales Executive,19760,11
E00094,Medical,Healthcare Representative,3142,10
E00095,Medical,Sales Executive,24301,11
E00096,Technical Degree,Research Director,24001,4
E00097,Other,Sales Executive,17519,3
E00098,Medical,Sales Executive,8863,5
E00099,Medical,Sales Executive,24409,37
E00100,Medical,Laboratory Technician,25043,3
E00101,Human Resources,Human Resources,23648,3
E00102,Life Sciences,Research Scientist,15178,1
E00103,Life Sciences,Laboratory Technician,19783,1
E00104,Other,Research Scientist,12482,16
E00105,Life Sciences,Healthcare Representative,15850,1
E00106,Human Resources,Manager,21922,3
E00107,Life Sciences,Research Director,9755,8
E00108,Marketing,Sales Executive,26959,6
E00109,Medical,Research Scientist,26897,2
E00110,Medical,Laboratory Technician,23785,0
E00111,Medical,Healthcare Representative,25796,13
E00112,Life Sciences,Laboratory Technician,22887,9
E00113,Human Resources,Manager,13871,5
E00114,Life Sciences,Laboratory Technician,13257,5
E00115,Life Sciences,Research Scientist,15000,1
E00116,Life Sciences,Sales Executive,14506,5
E00117,Medical,Manager,5615,11
E00118,Technical Degree,Sales Executive,22952,9
E00119,Life Sciences,Laboratory Technician,2561,1
E00120,Life Sciences,Manager,19494,25
E00121,Life Sciences,Research Scientist,22310,10
E00122,Marketing,Sales Executive,15480,7
E00123,Life Sciences,Research Scientist,4510,5
E00124,Life Sciences,Research Director,6462,20
E00125,Life Sciences,Sales Executive,20739,7
E00126,Other,Research Scientist,23300,5
E00127,Medical,Healthcare Representative,3465,40
E00128,Marketing,Sales Representative,26820,0
E00129,Technical Degree,Laboratory Technician,19299,2
E00130,Medical,Manufacturing Director,5549,15
E00131,Medical,Research Scientist,16090,3
E00132,Marketing,Sales Executive,6645,2
E00133,Life Sciences,Sales Executive,24788,2
E00134,Life Sciences,Sales Executive,21196,9
E00135,Life Sciences,Human Resources,8916,8
E00136,Medical,Manufacturing Director,2819,3
E00137,Life Sciences,Manufacturing Director,25150,4
E00138,Life Sciences,Sales Executive,14590,15
E00139,Life Sciences,Sales Executive,24835,2
E00140,Human Resources,Human Resources,13982,11
E00141,Medical,Laboratory Technician,10224,5
E00142,Medical,Research Scientist,9752,6
E00143,Technical Degree,Research Scientist,2302,3
E00144,Life Sciences,Research Scientist,23910,5
E00145,Medical,Sales Executive,22812,8
E00146,Technical Degree,Research Scientist,10415,3
E00147,Medical,Laboratory Technician,11162,5
E00148,Life Sciences,Manager,12888,7
E00149,Life Sciences,Laboratory Technician,6961,5
E00150,Medical,Laboratory Technician,16102,1
E00151,Medical,Research Scientist,8504,20
E00152,Marketing,Sales Executive,11439,10
E00153,Marketing,Sales Representative,16047,7
E00154,Life Sciences,Laboratory Technician,10901,17
E00155,Marketing,Sales Executive,15589,9
E00156,Technical Degree,Manufacturing Director,26283,10
E00157,Medical,Manufacturing Director,13983,1
E00158,Medical,Research Scientist,11873,1
E00159,Marketing,Sales Executive,8552,12
E00160,Marketing,Sales Representative,11314,4
E00161,Medical,Research Scientist,11992,2
E00162,Medical,Research Scientist,5970,2
E00163,Medical,Research Scientist,6672,5
E00164,Life Sciences,Healthcare Representative,23402,5
E00165,Medical,Research Scientist,25326,1
E00166,Life Sciences,Manager,17053,5
E00167,Life Sciences,Research Scientist,4609,9
E00168,Life Sciences,Sales Executive,8053,10
E00169,Life Sciences,Sales Executive,12930,8
E00170,Life Sciences,Research Scientist,12430,5
E00171,Technical Degree,Research Scientist,13364,5
E00172,Technical Degree,Sales Representative,20989,0
E00173,Medical,Laboratory Technician,15062,8
E00174,Medical,Laboratory Technician,11012,12
E00175,Life Sciences,Sales Executive,6319,5
E00176,Life Sciences,Research Scientist,13939,2
E00177,Life Sciences,Research Scientist,10515,3
E00178,Life Sciences,Laboratory Technician,9241,1
E00179,Marketing,Sales Executive,2137,24
E00180,Life Sciences,Laboratory Technician,6319,2
E00181,Medical,Research Scientist,6984,4
E00182,Medical,Research Scientist,5711,3
E00183,Marketing,Sales Representative,21728,4
E00184,Medical,Laboratory Technician,3425,3
E00185,Medical,Manufacturing Director,26250,4
E00186,Medical,Research Scientist,4673,8
E00187,Medical,Manager,6499,20
E00188,Medical,Research Director,13339,24
E00189,Life Sciences,Manufacturing Director,14074,10
E00190,Medical,Healthcare Representative,7192,7
E00191,Life Sciences,Manager,5678,33
E00192,Medical,Research Scientist,11781,7
E00193,Life Sciences,Manufacturing Director,15497,1
E00194,Medical,Research Scientist,5228,5
E00195,Medical,Manager,20462,20
E00196,Life Sciences,Research Scientist,22977,8
E00197,Medical,Laboratory Technician,15986,6
E00198,Medical,Manufacturing Director,16439,5
E00199,Life Sciences,Manufacturing Director,7259,1
E00200,Technical Degree,Manufacturing Director,4185,7
E00201,Technical Degree,Manufacturing Director,9679,2
E00202,Life Sciences,Manufacturing Director,23793,7
E00203,Medical,Research Scientist,5972,5
E00204,Medical,Laboratory Technician,16523,7
E00205,Medical,Healthcare Representative,11354,1
E00206,Marketing,Sales Executive,24525,10
E00207,Life Sciences,Research Scientist,12392,4
E00208,Medical,Laboratory Technician,7703,8
E00209,Life Sciences,Healthcare Representative,14242,3
E00210,Medical,Healthcare Representative,12368,4
E00211,Medical,Sales Executive,25812,14
E00212,Life Sciences,Manufacturing Director,20925,11
E00213,Life Sciences,Sales Executive,12916,7
E00214,Life Sciences,Research Director,15736,10
E00215,Technical Degree,Research Scientist,8556,5
E00216,Life Sciences,Manager,14674,1
E00217,Marketing,Sales Executive,22967,6
E00218,Technical Degree,Research Scientist,19757,6
E00219,Medical,Sales Executive,16840,19
E00220,Marketing,Sales Executive,17011,6
E00221,Life Sciences,Laboratory Technician,9945,13
E00222,Medical,Research Scientist,13248,3
E00223,Other,Research Director,10056,10
E00224,Life Sciences,Sales Executive,9647,16
E00225,Medical,Manufacturing Director,4381,5
E00226,Life Sciences,Research Scientist,8456,1
E00227,Marketing,Sales Representative,2539,9
E00228,Medical,Sales Executive,6599,11
E00229,Marketing,Sales Executive,9096,10
E00230,Medical,Research Scientist,14961,4
E00231,Life Sciences,Laboratory Technician,3300,2
E00232,Technical Degree,Manager,4933,22
E00233,Medical,Human Resources,25657,2
E00234,Medical,Manager,24118,7
E00235,Medical,Laboratory Technician,22149,5
E00236,Marketing,Manager,7744,17
E00237,Life Sciences,Laboratory Technician,21509,9
E00238,Life Sciences,Manager,21030,33
E00239,Life Sciences,Sales Representative,20990,4
E00240,Life Sciences,Laboratory Technician,9571,3
E00241,Medical,Laboratory Technician,15417,3
E00242,Marketing,Sales Executive,12069,3
E00243,Life Sciences,Research Scientist,19877,1
E00244,Technical Degree,Research Scientist,24447,9
E00245,Other,Manager,15970,24
E00246,Medical,Research Director,13523,2
E00247,Life Sciences,Research Scientist,14776,2
E00248,Life Sciences,Manufacturing Director,23687,11
E00249,Medical,Research Scientist,18697,3
E00250,Life Sciences,Manufacturing Director,5118,3
E00251,Medical,Manufacturing Director,22573,1
E00252,Technical Degree,Healthcare Representative,6420,19
E00253,Life Sciences,Research Scientist,22673,6
E00254,Life Sciences,Research Scientist,23016,3
E00255,Marketing,Sales Executive,10732,3
E00256,Life Sciences,Manufacturing Director,7505,4
E00257,Medical,Laboratory Technician,8007,9
E00258,Medical,Research Director,5949,21
E00259,Life Sciences,Research Scientist,23231,1
E00260,Medical,Laboratory Technician,11652,5
E00261,Life Sciences,Laboratory Technician,26062,5
E00262,Life Sciences,Sales Executive,19682,8
E00263,Technical Degree,Laboratory Technician,19737,6
E00264,Technical Degree,Manager,14977,7
E00265,Life Sciences,Laboratory Technician,14935,0
E00266,Medical,Sales Executive,3687,0
E00267,Medical,Healthcare Representative,14408,9
E00268,Life Sciences,Healthcare Representative,18384,6
E00269,Medical,Healthcare Representative,7501,20
E00270,Life Sciences,Laboratory Technician,20251,15
E00271,Medical,Manager,18938,36
E00272,Life Sciences,Manager,10268,10
E00273,Medical,Research Scientist,2613,5
E00274,Medical,Sales Executive,22825,5
E00275,Medical,Research Scientist,10531,3
E00276,Medical,Research Director,11677,5
E00277,Life Sciences,Manager,19100,7
E00278,Medical,Sales Executive,19191,8
E00279,Life Sciences,Manufacturing Director,26767,6
E00280,Life Sciences,Research Director,15815,10
E00281,Medical,Research Director,21016,5
E00282,Life Sciences,Sales Executive,24532,20
E00283,Life Sciences,Sales Executive,20260,10
E00284,Technical Degree,Laboratory Technician,15972,10
E00285,Medical,Healthcare Representative,22722,5
E00286,Life Sciences,Research Scientist,15881,17
E00287,Life Sciences,Laboratory Technician,19920,1
E00288,Life Sciences,Healthcare Representative,18899,2
E00289,Medical,Laboratory Technician,14180,3
E00290,Life Sciences,Research Scientist,4488,5
E00291,Life Sciences,Research Director,25594,3
E00292,Technical Degree,Research Scientist,26285,8
E00293,Marketing,Sales Representative,3909,2
E00294,Marketing,Sales Executive,8450,8
E00295,Medical,Research Scientist,11411,4
E00296,Marketing,Sales Executive,14864,20
E00297,Life Sciences,Laboratory Technician,25233,0
E00298,Marketing,Sales Executive,5100,11
E00299,Life Sciences,Laboratory Technician,7122,1
E00300,Medical,Manufacturing Director,16321,4
E00301,Life Sciences,Manager,15896,22
E00302,Medical,Sales Representative,9724,0
E00303,Medical,Healthcare Representative,4824,8
E00304,Technical Degree,Sales Executive,12241,8
E00305,Medical,Healthcare Representative,10942,18
E00306,Life Sciences,Laboratory Technician,6927,9
E00307,Life Sciences,Sales Executive,16985,13
E00308,Life Sciences,Research Director,26707,10
E00309,Life Sciences,Healthcare Representative,17056,5
E00310,Technical Degree,Research Scientist,10077,5
E00311,Human Resources,Human Resources,17822,2
E00312,Life Sciences,Laboratory Technician,20308,24
E00313,Life Sciences,Research Scientist,7747,2
E00314,Life Sciences,Manager,23364,10
E00315,Medical,Manager,5355,21
E00316,Life Sciences,Laboratory Technician,10675,8
E00317,Technical Degree,Healthcare Representative,17810,7
E00318,Medical,Research Scientist,17747,8
E00319,Life Sciences,Research Scientist,20938,4
E00320,Technical Degree,Sales Executive,24624,13
E00321,Life Sciences,Sales Executive,5242,5
E00322,Marketing,Sales Executive,7143,7
E00323,Medical,Research Scientist,10557,7
E00324,Medical,Research Scientist,24737,3
E00325,Medical,Research Scientist,11934,10
E00326,Life Sciences,Manufacturing Director,14034,10
E00327,Medical,Manager,21141,21
E00328,Medical,Sales Executive,17778,1
E00329,Marketing,Sales Executive,4317,7
E00330,Life Sciences,Research Director,16375,3
E00331,Life Sciences,Laboratory Technician,6227,9
E00332,Marketing,Sales Executive,22107,5
E00333,Life Sciences,Research Scientist,16885,4
E00334,Life Sciences,Healthcare Representative,9262,1
E00335,Other,Research Scientist,9278,10
E00336,Medical,Sales Executive,13273,4
E00337,Other,Laboratory Technician,4759,7
E00338,Other,Laboratory Technician,7621,3
E00339,Marketing,Sales Executive,5431,10
E00340,Marketing,Sales Executive,3415,8
E00341,Medical,Manufacturing Director,23177,6
E00342,Life Sciences,Research Director,15682,11
E00343,Medical,Manufacturing Director,25713,11
E00344,Marketing,Sales Executive,11866,7
E00345,Technical Degree,Manufacturing Director,18264,16
E00346,Life Sciences,Research Scientist,16092,4
E00347,Medical,Manufacturing Director,10110,5
E00348,Medical,Sales Representative,25751,0
E00349,Life Sciences,Research Director,15901,1
E00350,Life Sciences,Sales Executive,16928,4
E00351,Technical Degree,Human Resources,24017,3
E00352,Medical,Laboratory Technician,3956,8
E00353,Medical,Manager,23978,0
E00354,Medical,Research Scientist,17001,7
E00355,Technical Degree,Sales Executive,6069,2
E00356,Life Sciences,Sales Executive,20156,8
E00357,Other,Healthcare Representative,17078,1
E00358,Technical Degree,Sales Representative,9150,3
E00359,Medical,Sales Executive,15276,1
E00360,Medical,Sales Executive,7246,13
E00361,Medical,Healthcare Representative,2967,3
E00362,Life Sciences,Laboratory Technician,22495,7
E00363,Medical,Sales Representative,2851,3
E00364,Marketing,Sales Representative,9150,1
E00365,Medical,Laboratory Technician,17663,5
E00366,Medical,Manufacturing Director,16044,1
E00367,Marketing,Sales Executive,9558,8
E00368,Technical Degree,Healthcare Representative,2755,4
E00369,Marketing,Sales Executive,6110,6
E00370,Life Sciences,Research Scientist,7551,2
E00371,Life Sciences,Sales Representative,25422,1
E00372,Life Sciences,Research Scientist,18168,3
E00373,Life Sciences,Healthcare Representative,19394,1
E00374,Medical,Laboratory Technician,17881,5
E00375,Life Sciences,Sales Executive,20750,7
E00376,Other,Healthcare Representative,12066,5
E00377,Life Sciences,Sales Executive,14862,7
E00378,Life Sciences,Research Scientist,11868,2
E00379,Marketing,Sales Executive,4652,5
E00380,Life Sciences,Manager,23258,5
E00381,Marketing,Sales Executive,5915,5
E00382,Technical Degree,Sales Representative,17434,1
E00383,Technical Degree,Research Scientist,6582,6
E00384,Medical,Research Scientist,24440,2
E00385,Medical,Sales Executive,3809,10
E00386,Technical Degree,Research Scientist,3427,1
E00387,Life Sciences,Laboratory Technician,26914,18
E00388,Marketing,Sales Executive,22553,5
E00389,Life Sciences,Laboratory Technician,20490,5
E00390,Life Sciences,Manufacturing Director,21123,1
E00391,Life Sciences,Research Director,4345,25
E00392,Medical,Laboratory Technician,13436,1
E00393,Medical,Research Director,8509,4
E00394,Marketing,Sales Executive,12740,3
E00395,Medical,Manufacturing Director,4156,13
E00396,Medical,Laboratory Technician,15238,3
E00397,Other,Healthcare Representative,2227,5
E00398,Life Sciences,Sales Executive,12090,5
E00399,Medical,Research Scientist,23866,13
E00400,Life Sciences,Laboratory Technician,16193,4
E00401,Life Sciences,Manager,8213,21
E00402,Life Sciences,Sales Executive,18256,7
E00403,Technical Degree,Sales Executive,19558,5
E00404,Marketing,Sales Executive,19566,10
E00405,Medical,Laboratory Technician,13535,10
E00406,Medical,Laboratory Technician,9396,2
E00407,Medical,Manufacturing Director,19609,5
E00408,Life Sciences,Research Scientist,9655,2
E00409,Life Sciences,Manager,10310,5
E00410,Life Sciences,Research Scientist,12932,5
E00411,Life Sciences,Manufacturing Director,24793,5
E00412,Life Sciences,Manager,3854,29
E00413,Medical,Manufacturing Director,26314,10
E00414,Technical Degree,Healthcare Representative,4386,6
E00415,Technical Degree,Sales Representative,21972,5
E00416,Marketing,Sales Representative,12253,2
E00417,Life Sciences,Laboratory Technician,12106,1
E00418,Life Sciences,Manager,13022,20
E00419,Life Sciences,Research Scientist,3032,3
E00420,Life Sciences,Laboratory Technician,16734,5
E00421,Medical,Research Director,21526,10
E00422,Technical Degree,Research Scientist,18300,2
E00423,Technical Degree,Human Resources,18437,1
E00424,Other,Sales Executive,2890,9
E00425,Marketing,Manager,22102,1
E00426,Life Sciences,Manager,9314,27
E00427,Medical,Laboratory Technician,7181,11
E00428,Marketing,Sales Executive,2845,18
E00429,Medical,Manufacturing Director,7389,5
E00430,Life Sciences,Research Director,2288,3
E00431,Life Sciences,Laboratory Technician,19225,5
E00432,Life Sciences,Laboratory Technician,23428,1
E00433,Life Sciences,Research Scientist,8416,7
E00434,Marketing,Sales Executive,11563,3
E00435,Life Sciences,Manufacturing Director,14394,13
E00436,Medical,Manager,24619,7
E00437,Medical,Laboratory Technician,6705,4
E00438,Marketing,Sales Representative,18398,3
E00439,Life Sciences,Healthcare Representative,14295,8
E00440,Life Sciences,Healthcare Representative,22908,1
E00441,Human Resources,Human Resources,11533,3
E00442,Other,Laboratory Technician,9260,2
E00443,Medical,Sales Executive,15318,10
E00444,Technical Degree,Laboratory Technician,9129,2
E00445,Marketing,Sales Executive,19658,9
E00446,Life Sciences,Manager,9873,10
E00447,Life Sciences,Sales Executive,13430,14
E00448,Marketing,Sales Executive,18659,11
E00449,Life Sciences,Manufacturing Director,20364,20
E00450,Life Sciences,Laboratory Technician,17872,8
E00451,Life Sciences,Sales Executive,8346,6
E00452,Medical,Manufacturing Director,6950,10
E00453,Other,Sales Executive,16177,8
E00454,Life Sciences,Human Resources,22808,7
E00455,Technical Degree,Manufacturing Director,22645,3
E00456,Medical,Research Director,22578,6
E00457,Life Sciences,Manager,25291,5
E00458,Marketing,Sales Representative,8059,0
E00459,Other,Sales Executive,11373,1
E00460,Other,Healthcare Representative,2112,8
E00461,Medical,Sales Executive,4267,0
E00462,Medical,Sales Executive,6698,5
E00463,Life Sciences,Sales Executive,19921,10
E00464,Technical Degree,Laboratory Technician,23213,1
E00465,Technical Degree,Manufacturing Director,23848,6
E00466,Medical,Healthcare Representative,8984,2
E00467,Life Sciences,Manager,5626,18
E00468,Medical,Sales Executive,24666,9
E00469,Technical Degree,Research Scientist,22087,10
E00470,Other,Sales Executive,23914,4
E00471,Medical,Sales Representative,5530,2
E00472,Medical,Healthcare Representative,22174,1
E00473,Life Sciences,Manufacturing Director,15701,6
E00474,Life Sciences,Research Director,2125,31
E00475,Medical,Research Scientist,21630,6
E00476,Marketing,Sales Executive,7428,5
E00477,Other,Laboratory Technician,9100,1
E00478,Medical,Manager,7999,32
E00479,Medical,Sales Representative,26376,7
E00480,Life Sciences,Laboratory Technician,14168,6
E00481,Life Sciences,Sales Representative,14470,1
E00482,Life Sciences,Research Scientist,22794,6
E00483,Medical,Sales Executive,11512,3
E00484,Other,Laboratory Technician,14004,3
E00485,Medical,Sales Executive,6219,7
E00486,Medical,Research Scientist,5013,5
E00487,Marketing,Sales Executive,3010,3
E00488,Life Sciences,Research Scientist,11757,1
E00489,Life Sciences,Healthcare Representative,5718,10
E00490,Other,Research Director,2671,1
E00491,Life Sciences,Research Scientist,14561,0
E00492,Medical,Laboratory Technician,19627,8
E00493,Life Sciences,Manager,17997,3
E00494,Life Sciences,Human Resources,26894,2
E00495,Technical Degree,Sales Representative,2912,8
E00496,Marketing,Sales Representative,16346,4
E00497,Technical Degree,Sales Representative,24444,3
E00498,Other,Manager,9358,2
E00499,Medical,Research Scientist,12145,2
E00500,Marketing,Sales Executive,20431,5
E00501,Life Sciences,Research Scientist,18089,6
E00502,Medical,Research Scientist,22653,1
E00503,Medical,Sales Executive,7507,14
E00504,Life Sciences,Research Scientist,7660,10
E00505,Life Sciences,Sales Executive,5630,1
E00506,Life Sciences,Laboratory Technician,17759,3
E00507,Other,Manufacturing Director,9606,10
E00508,Medical,Sales Executive,3487,6
E00509,Life Sciences,Research Scientist,19368,17
E00510,Life Sciences,Healthcare Representative,5335,13
E00511,Medical,Human Resources,6729,9
E00512,Medical,Manufacturing Director,13934,3
E00513,Medical,Research Scientist,15174,4
E00514,Medical,Research Scientist,26999,1
E00515,Life Sciences,Research Scientist,3164,10
E00516,Life Sciences,Laboratory Technician,16900,1
E00517,Medical,Research Scientist,8544,3
E00518,Life Sciences,Sales Executive,15678,3
E00519,Marketing,Sales Executive,7791,7
E00520,Life Sciences,Research Scientist,18959,10
E00521,Marketing,Sales Executive,18597,2
E00522,Medical,Sales Executive,16673,6
E00523,Life Sciences,Research Scientist,15232,1
E00524,Medical,Laboratory Technician,3297,20
E00525,Medical,Healthcare Representative,17654,8
E00526,Life Sciences,Sales Executive,24785,2
E00527,Technical Degree,Healthcare Representative,20978,20
E00528,Marketing,Sales Executive,21703,10
E00529,Technical Degree,Sales Executive,23452,4
E00530,Life Sciences,Healthcare Representative,19383,9
E00531,Life Sciences,Manufacturing Director,6009,9
E00532,Life Sciences,Research Director,19373,7
E00533,Marketing,Sales Executive,11825,7
E00534,Life Sciences,Sales Executive,23772,18
E00535,Life Sciences,Research Director,13514,5
E00536,Human Resources,Manager,8861,21
E00537,Marketing,Sales Executive,11924,2
E00538,Life Sciences,Manufacturing Director,4809,9
E00539,Human Resources,Manager,19562,22
E00540,Marketing,Sales Representative,9983,2
E00541,Life Sciences,Research Scientist,3872,7
E00542,Life Sciences,Research Director,20335,8
E00543,Life Sciences,Manufacturing Director,15397,1
E00544,Medical,Laboratory Technician,2104,5
E00545,Medical,Sales Executive,10225,22
E00546,Marketing,Sales Executive,25275,8
E00547,Life Sciences,Sales Representative,2755,1
E00548,Medical,Research Scientist,20366,2
E00549,Life Sciences,Sales Executive,23683,2
E00550,Medical,Healthcare Representative,7360,5
E00551,Medical,Laboratory Technician,4344,4
E00552,Human Resources,Human Resources,18767,8
E00553,Medical,Healthcare Representative,20420,10
E00554,Medical,Research Scientist,22929,4
E00555,Medical,Healthcare Representative,23398,7
E00556,Marketing,Sales Representative,17967,2
E00557,Life Sciences,Laboratory Technician,10919,2
E00558,Life Sciences,Healthcare Representative,4761,1
E00559,Life Sciences,Laboratory Technician,21146,10
E00560,Medical,Research Scientist,20471,1
E00561,Life Sciences,Manufacturing Director,4187,0
E00562,Marketing,Manager,10084,34
E00563,Other,Research Scientist,5207,10
E00564,Medical,Sales Executive,22807,6
E00565,Technical Degree,Sales Representative,12388,8
E00566,Medical,Research Scientist,19630,2
E00567,Life Sciences,Sales Executive,10339,5
E00568,Other,Sales Executive,18686,6
E00569,Medical,Manager,21199,5
E00570,Life Sciences,Sales Executive,14229,10
E00571,Medical,Research Scientist,26589,4
E00572,Life Sciences,Laboratory Technician,5288,2
E00573,Medical,Healthcare Representative,25549,8
E00574,Technical Degree,Sales Executive,3064,4
E00575,Life Sciences,Research Scientist,13551,4
E00576,Medical,Manufacturing Director,22670,5
E00577,Marketing,Sales Executive,24008,4
E00578,Life Sciences,Research Scientist,19905,5
E00579,Life Sciences,Manufacturing Director,26085,15
E00580,Medical,Research Scientist,7530,6
E00581,Life Sciences,Sales Representative,20317,3
E00582,Life Sciences,Laboratory Technician,24375,2
E00583,Medical,Healthcare Representative,9931,8
E00584,Life Sciences,Sales Executive,13305,3
E00585,Life Sciences,Manager,16225,24
E00586,Life Sciences,Laboratory Technician,3445,0
E00587,Life Sciences,Laboratory Technician,26551,1
E00588,Life Sciences,Laboratory Technician,21821,5
E00589,Medical,Research Director,6881,4
E00590,Life Sciences,Laboratory Technician,6689,1
E00591,Medical,Research Director,25995,13
E00592,Marketing,Sales Executive,26507,3
E00593,Other,Manager,12982,26
E00594,Other,Manufacturing Director,23361,9
E00595,Life Sciences,Research Scientist,23779,10
E00596,Life Sciences,Research Director,25761,31
E00597,Life Sciences,Research Scientist,13301,2
E00598,Life Sciences,Manufacturing Director,4051,4
E00599,Medical,Research Scientist,16374,2
E00600,Human Resources,Human Resources,25527,5
E00601,Life Sciences,Manufacturing Director,19124,14
E00602,Medical,Laboratory Technician,11983,1
E00603,Medical,Manufacturing Director,20234,0
E00604,Life Sciences,Research Scientist,6153,1
E00605,Life Sciences,Manufacturing Director,11806,9
E00606,Life Sciences,Healthcare Representative,4284,4
E00607,Life Sciences,Research Scientist,8306,5
E00608,Marketing,Sales Executive,5860,9
E00609,Medical,Sales Executive,21519,9
E00610,Life Sciences,Research Director,5200,4
E00611,Technical Degree,Research Director,8842,9
E00612,Other,Manufacturing Director,18869,8
E00613,Marketing,Sales Executive,3698,8
E00614,Human Resources,Human Resources,2243,3
E00615,Medical,Research Scientist,20898,8
E00616,Medical,Research Scientist,16571,0
E00617,Marketing,Manager,5594,20
E00618,Medical,Healthcare Representative,5197,5
E00619,Medical,Research Scientist,21632,4
E00620,Medical,Sales Executive,21816,9
E00621,Medical,Research Scientist,17852,6
E00622,Life Sciences,Sales Executive,2823,18
E00623,Life Sciences,Sales Executive,9250,5
E00624,Life Sciences,Research Scientist,2373,5
E00625,Marketing,Sales Executive,20715,5
E00626,Marketing,Sales Executive,19239,5
E00627,Medical,Research Scientist,22162,5
E00628,Medical,Manufacturing Director,19028,9
E00629,Marketing,Sales Executive,24558,1
E00630,Medical,Human Resources,23965,5
E00631,Life Sciences,Manufacturing Director,19146,2
E00632,Life Sciences,Laboratory Technician,5044,3
E00633,Medical,Research Scientist,9068,2
E00634,Life Sciences,Human Resources,8635,5
E00635,Other,Sales Executive,14363,5
E00636,Life Sciences,Manufacturing Director,23457,17
E00637,Life Sciences,Research Scientist,16612,10
E00638,Life Sciences,Laboratory Technician,9148,3
E00639,Marketing,Sales Executive,18154,5
E00640,Technical Degree,Research Scientist,10554,4
E00641,Life Sciences,Laboratory Technician,10778,5
E00642,Life Sciences,Sales Executive,8891,10
E00643,Marketing,Sales Representative,12102,2
E00644,Life Sciences,Laboratory Technician,23726,5
E00645,Life Sciences,Research Scientist,14871,6
E00646,Medical,Sales Representative,23522,3
E00647,Marketing,Sales Executive,22789,2
E00648,Technical Degree,Manufacturing Director,9129,13
E00649,Medical,Sales Representative,21222,5
E00650,Life Sciences,Research Director,20206,12
E00651,Life Sciences,Healthcare Representative,21782,5
E00652,Marketing,Sales Executive,17783,7
E00653,Medical,Sales Executive,4814,10
E00654,Life Sciences,Manager,4544,31
E00655,Life Sciences,Human Resources,7790,5
E00656,Human Resources,Human Resources,22650,4
E00657,Life Sciences,Laboratory Technician,18016,1
E00658,Medical,Laboratory Technician,6054,4
E00659,Life Sciences,Research Scientist,7508,8
E00660,Medical,Sales Executive,24252,4
E00661,Life Sciences,Laboratory Technician,13384,1
E00662,Life Sciences,Manufacturing Director,23814,1
E00663,Medical,Sales Representative,22052,2
E00664,Other,Research Scientist,8870,1
E00665,Life Sciences,Healthcare Representative,4821,16
E00666,Life Sciences,Sales Representative,13137,3
E00667,Life Sciences,Manufacturing Director,10022,3
E00668,Life Sciences,Laboratory Technician,17725,7
E00669,Medical,Research Scientist,9834,2
E00670,Medical,Laboratory Technician,4303,2
E00671,Life Sciences,Research Scientist,17808,1
E00672,Life Sciences,Laboratory Technician,6896,1
E00673,Medical,Sales Executive,7824,5
E00674,Other,Research Scientist,3339,3
E00675,Technical Degree,Healthcare Representative,9255,6
E00676,Life Sciences,Sales Representative,11737,7
E00677,Life Sciences,Healthcare Representative,19170,10
E00678,Other,Laboratory Technician,22477,26
E00679,Medical,Research Scientist,5543,0
E00680,Marketing,Sales Executive,24406,9
E00681,Other,Research Scientist,23293,6
E00682,Technical Degree,Research Director,16292,15
E00683,Life Sciences,Laboratory Technician,3974,3
E00684,Marketing,Sales Representative,18798,1
E00685,Marketing,Sales Executive,20652,1
E00686,Medical,Sales Executive,11148,7
E00687,Medical,Laboratory Technician,3119,18
E00688,Medical,Laboratory Technician,12287,11
E00689,Other,Sales Representative,9947,1
E00690,Technical Degree,Laboratory Technician,13008,1
E00691,Medical,Healthcare Representative,17369,9
E00692,Medical,Research Scientist,25063,1
E00693,Medical,Manufacturing Director,13554,8
E00694,Life Sciences,Sales Executive,5518,16
E00695,Life Sciences,Healthcare Representative,12291,5
E00696,Life Sciences,Sales Executive,14922,14
E00697,Life Sciences,Laboratory Technician,23163,9
E00698,Technical Degree,Sales Representative,18203,3
E00699,Medical,Sales Executive,6179,5
E00700,Life Sciences,Manager,13829,9
E00701,Technical Degree,Research Scientist,26227,1
E00702,Medical,Manager,13938,17
E00703,Other,Sales Executive,9977,8
E00704,Technical Degree,Sales Executive,19899,5
E00705,Life Sciences,Sales Executive,6812,10
E00706,Life Sciences,Sales Executive,2560,8
E00707,Life Sciences,Sales Executive,17071,1
E00708,Medical,Manufacturing Director,6759,19
E00709,Technical Degree,Sales Executive,25952,7
E00710,Medical,Research Scientist,10322,3
E00711,Life Sciences,Manager,20489,10
E00712,Life Sciences,Research Scientist,11479,0
E00713,Life Sciences,Research Scientist,17241,3
E00714,Medical,Laboratory Technician,11005,5
E00715,Medical,Research Director,6615,5
E00716,Other,Healthcare Representative,20161,6
E00717,Medical,Research Director,3735,18
E00718,Technical Degree,Laboratory Technician,12086,2
E00719,Life Sciences,Laboratory Technician,14039,9
E00720,Life Sciences,Sales Executive,8571,9
E00721,Life Sciences,Research Scientist,11539,5
E00722,Life Sciences,Manufacturing Director,4161,12
E00723,Medical,Research Scientist,12127,2
E00724,Medical,Manufacturing Director,24208,8
E00725,Medical,Manufacturing Director,24117,4
E00726,Other,Laboratory Technician,10074,4
E00727,Life Sciences,Manufacturing Director,11275,4
E00728,Life Sciences,Research Scientist,13493,0
E00729,Technical Degree,Manufacturing Director,13943,10
E00730,Medical,Healthcare Representative,6975,16
E00731,Life Sciences,Research Director,17802,8
E00732,Medical,Research Scientist,18275,1
E00733,Medical,Laboratory Technician,25725,3
E00734,Medical,Manufacturing Director,3334,8
E00735,Life Sciences,Laboratory Technician,6881,4
E00736,Life Sciences,Healthcare Representative,13119,2
E00737,Life Sciences,Healthcare Representative,22245,15
E00738,Medical,Manufacturing Director,23371,2
E00739,Life Sciences,Manufacturing Director,7060,21
E00740,Life Sciences,Manufacturing Director,4658,3
E00741,Other,Laboratory Technician,9541,3
E00742,Marketing,Manager,7770,1
E00743,Life Sciences,Laboratory Technician,20165,1
E00744,Life Sciences,Manufacturing Director,21829,5
E00745,Medical,Healthcare Representative,14382,1
E00746,Medical,Healthcare Representative,12992,8
E00747,Life Sciences,Research Director,20284,21
E00748,Life Sciences,Sales Executive,4981,1
E00749,Medical,Sales Executive,21813,2
E00750,Marketing,Manager,25846,32
E00751,Medical,Sales Executive,11737,12
E00752,Life Sciences,Sales Executive,24920,18
E00753,Life Sciences,Laboratory Technician,8269,17
E00754,Medical,Manufacturing Director,5083,21
E00755,Life Sciences,Sales Representative,21437,2
E00756,Life Sciences,Manager,5404,9
E00757,Medical,Laboratory Technician,11135,8
E00758,Marketing,Sales Executive,12278,15
E00759,Technical Degree,Manager,11038,6
E00760,Medical,Human Resources,8318,6
E00761,Marketing,Sales Executive,23537,15
E00762,Other,Laboratory Technician,7858,1
E00763,Life Sciences,Research Scientist,15346,3
E00764,Life Sciences,Sales Representative,18410,1
E00765,Medical,Sales Representative,23384,1
E00766,Other,Research Scientist,2997,2
E00767,Medical,Research Director,12853,8
E00768,Other,Healthcare Representative,13848,4
E00769,Marketing,Sales Executive,22217,7
E00770,Medical,Research Scientist,25265,5
E00771,Medical,Research Director,21445,2
E00772,Life Sciences,Sales Executive,8392,9
E00773,Medical,Research Scientist,12154,5
E00774,Medical,Manufacturing Director,15669,14
E00775,Medical,Manager,17323,9
E00776,Medical,Sales Executive,5268,1
E00777,Marketing,Sales Representative,17205,2
E00778,Life Sciences,Laboratory Technician,17258,1
E00779,Life Sciences,Research Scientist,21029,16
E00780,Life Sciences,Research Scientist,10332,10
E00781,Technical Degree,Healthcare Representative,12355,10
E00782,Medical,Laboratory Technician,11141,5
E00783,Other,Manufacturing Director,9096,6
E00784,Technical Degree,Research Scientist,18863,10
E00785,Life Sciences,Healthcare Representative,24608,19
E00786,Technical Degree,Healthcare Representative,26542,11
E00787,Life Sciences,Laboratory Technician,5869,3
E00788,Life Sciences,Manufacturing Director,15813,3
E00789,Other,Research Scientist,7909,8
E00790,Medical,Human Resources,2326,20
E00791,Life Sciences,Healthcare Representative,21214,3
E00792,Technical Degree,Sales Executive,10333,8
E00793,Medical,Research Scientist,3129,13
E00794,Life Sciences,Laboratory Technician,22482,4
E00795,Life Sciences,Healthcare Representative,22266,6
E00796,Life Sciences,Sales Executive,24223,1
E00797,Technical Degree,Laboratory Technician,4605,7
E00798,Medical,Laboratory Technician,19373,1
E00799,Medical,Research Scientist,2993,2
E00800,Medical,Manager,14399,22
E00801,Medical,Laboratory Technician,7160,1
E00802,Other,Sales Executive,17251,0
E00803,Life Sciences,Sales Executive,13401,3
E00804,Life Sciences,Research Scientist,22478,0
E00805,Medical,Manager,16154,5
E00806,Life Sciences,Sales Executive,17970,15
E00807,Life Sciences,Healthcare Representative,15322,8
E00808,Marketing,Sales Executive,5569,8
E00809,Life Sciences,Research Scientist,26968,7
E00810,Medical,Manufacturing Director,8039,9
E00811,Marketing,Manager,15596,12
E00812,Marketing,Sales Executive,20619,1
E00813,Life Sciences,Manufacturing Director,11535,8
E00814,Life Sciences,Healthcare Representative,13547,18
E00815,Medical,Research Director,17544,20
E00816,Technical Degree,Research Scientist,25326,2
E00817,Life Sciences,Laboratory Technician,8770,5
E00818,Life Sciences,Manufacturing Director,23238,11
E00819,Life Sciences,Sales Representative,21981,2
E00820,Life Sciences,Research Scientist,19911,5
E00821,Marketing,Sales Executive,18500,5
E00822,Technical Degree,Sales Executive,11879,9
E00823,Life Sciences,Manufacturing Director,15834,3
E00824,Life Sciences,Research Scientist,17940,7
E00825,Medical,Laboratory Technician,9558,1
E00826,Medical,Manufacturing Director,17689,10
E00827,Human Resources,Human Resources,6004,7
E00828,Life Sciences,Research Scientist,22088,3
E00829,Medical,Laboratory Technician,13556,0
E00830,Marketing,Sales Executive,18385,5
E00831,Life Sciences,Laboratory Technician,9051,1
E00832,Medical,Laboratory Technician,6233,2
E00833,Medical,Healthcare Representative,17171,6
E00834,Life Sciences,Research Scientist,7950,4
E00835,Life Sciences,Sales Executive,5829,6
E00836,Technical Degree,Human Resources,7108,5
E00837,Life Sciences,Sales Executive,11162,11
E00838,Medical,Research Director,13782,18
E00839,Life Sciences,Sales Executive,2447,21
E00840,Marketing,Sales Executive,2253,6
E00841,Medical,Laboratory Technician,16340,8
E00842,Medical,Laboratory Technician,6409,4
E00843,Life Sciences,Laboratory Technician,22955,1
E00844,Medical,Laboratory Technician,13421,8
E00845,Marketing,Sales Executive,2706,10
E00846,Medical,Research Scientist,21203,1
E00847,Life Sciences,Manufacturing Director,19588,7
E00848,Medical,Healthcare Representative,25755,13
E00849,Other,Laboratory Technician,26537,2
E00850,Marketing,Sales Executive,9489,4
E00851,Life Sciences,Sales Representative,14947,1
E00852,Technical Degree,Manager,18575,5
E00853,Medical,Laboratory Technician,26342,10
E00854,Life Sciences,Research Scientist,7172,1
E00855,Medical,Research Scientist,20100,3
E00856,Life Sciences,Manufacturing Director,9961,14
E00857,Life Sciences,Laboratory Technician,12828,2
E00858,Life Sciences,Research Scientist,10826,6
E00859,Medical,Manager,18640,7
E00860,Life Sciences,Research Scientist,26933,5
E00861,Life Sciences,Research Scientist,4223,0
E00862,Marketing,Manager,24097,26
E00863,Life Sciences,Research Scientist,4279,0
E00864,Human Resources,Human Resources,8429,5
E00865,Life Sciences,Research Scientist,20293,1
E00866,Life Sciences,Sales Executive,13192,4
E00867,Medical,Sales Executive,25440,0
E00868,Medical,Manager,9490,2
E00869,Medical,Laboratory Technician,12449,6
E00870,Life Sciences,Research Director,10849,4
E00871,Life Sciences,Sales Executive,21026,7
E00872,Life Sciences,Laboratory Technician,3372,1
E00873,Medical,Sales Executive,4905,10
E00874,Life Sciences,Laboratory Technician,6865,7
E00875,Life Sciences,Laboratory Technician,11309,10
E00876,Other,Research Scientist,7744,20
E00877,Marketing,Sales Representative,5050,2
E00878,Technical Degree,Manufacturing Director,17433,6
E00879,Medical,Human Resources,12858,4
E00880,Marketing,Sales Executive,10893,11
E00881,Other,Laboratory Technician,7331,2
E00882,Life Sciences,Research Scientist,2338,8
E00883,Technical Degree,Manufacturing Director,4235,7
E00884,Medical,Research Scientist,6311,14
E00885,Technical Degree,Sales Executive,11591,5
E00886,Life Sciences,Sales Executive,20623,4
E00887,Medical,Research Scientist,9369,11
E00888,Medical,Research Director,23281,1
E00889,Marketing,Sales Executive,13755,13
E00890,Life Sciences,Research Scientist,14377,9
E00891,Life Sciences,Manufacturing Director,9659,5
E00892,Life Sciences,Research Scientist,19982,10
E00893,Medical,Research Scientist,6148,1
E00894,Life Sciences,Research Scientist,5598,3
E00895,Life Sciences,Research Director,23474,10
E00896,Medical,Healthcare Representative,17089,6
E00897,Medical,Healthcare Representative,17198,10
E00898,Life Sciences,Sales Executive,16490,6
E00899,Life Sciences,Research Director,18625,8
E00900,Medical,Manager,12124,1
E00901,Technical Degree,Research Scientist,9256,11
E00902,Technical Degree,Laboratory Technician,16620,1
E00903,Life Sciences,Research Scientist,3208,5
E00904,Life Sciences,Healthcare Representative,4204,6
E00905,Life Sciences,Research Director,8733,1
E00906,Life Sciences,Research Director,3423,7
E00907,Technical Degree,Research Scientist,21643,1
E00908,Marketing,Manager,8751,22
E00909,Marketing,Sales Executive,21708,9
E00910,Life Sciences,Research Scientist,21221,1
E00911,Life Sciences,Research Scientist,16901,1
E00912,Life Sciences,Sales Representative,8040,1
E00913,Life Sciences,Research Scientist,9973,8
E00914,Marketing,Manager,2493,24
E00915,Medical,Healthcare Representative,25592,33
E00916,Life Sciences,Laboratory Technician,25308,2
E00917,Marketing,Manager,9946,11
E00918,Marketing,Sales Executive,6039,3
E00919,Life Sciences,Manager,19196,29
E00920,Medical,Manufacturing Director,20002,9
E00921,Medical,Laboratory Technician,22534,11
E00922,Medical,Laboratory Technician,6842,4
E00923,Life Sciences,Manager,17477,25
E00924,Life Sciences,Human Resources,21833,10
E00925,Life Sciences,Research Scientist,6020,3
E00926,Medical,Research Scientist,5628,1
E00927,Marketing,Sales Executive,20364,21
E00928,Life Sciences,Manufacturing Director,2323,16
E00929,Medical,Healthcare Representative,14075,10
E00930,Life Sciences,Laboratory Technician,14222,2
E00931,Medical,Laboratory Technician,4257,7
E00932,Medical,Manufacturing Director,12858,8
E00933,Technical Degree,Laboratory Technician,17285,7
E00934,Technical Degree,Research Scientist,4732,3
E00935,Medical,Research Scientist,18830,2
E00936,Medical,Sales Executive,11693,10
E00937,Medical,Manager,13035,0
E00938,Medical,Manager,17334,19
E00939,Life Sciences,Research Scientist,26076,2
E00940,Life Sciences,Laboratory Technician,22845,10
E00941,Medical,Research Scientist,22154,5
E00942,Technical Degree,Laboratory Technician,23631,9
E00943,Technical Degree,Healthcare Representative,5747,7
E00944,Life Sciences,Human Resources,22957,7
E00945,Life Sciences,Laboratory Technician,16392,9
E00946,Life Sciences,Research Director,22422,3
E00947,Marketing,Sales Executive,17235,5
E00948,Life Sciences,Sales Executive,21534,8
E00949,Medical,Manager,25927,9
E00950,Life Sciences,Manufacturing Director,13352,8
E00951,Life Sciences,Sales Executive,8935,10
E00952,Medical,Sales Executive,22074,19
E00953,Life Sciences,Sales Representative,8319,3
E00954,Life Sciences,Laboratory Technician,14669,3
E00955,Life Sciences,Manager,26582,20
E00956,Medical,Manager,6992,19
E00957,Life Sciences,Manager,4022,7
E00958,Life Sciences,Research Scientist,8532,4
E00959,Life Sciences,Healthcare Representative,5494,9
E00960,Life Sciences,Research Scientist,22455,9
E00961,Marketing,Sales Executive,4297,9
E00962,Life Sciences,Research Scientist,2690,9
E00963,Life Sciences,Manager,17588,33
E00964,Life Sciences,Sales Executive,19461,7
E00965,Medical,Sales Executive,23553,10
E00966,Medical,Laboratory Technician,9075,3
E00967,Medical,Manufacturing Director,12023,10
E00968,Life Sciences,Laboratory Technician,6762,4
E00969,Marketing,Sales Executive,2261,15
E00970,Life Sciences,Manufacturing Director,18706,10
E00971,Medical,Sales Representative,6527,1
E00972,Technical Degree,Manufacturing Director,24439,5
E00973,Life Sciences,Laboratory Technician,19305,0
E00974,Medical,Laboratory Technician,10846,9
E00975,Life Sciences,Sales Executive,20392,6
E00976,Marketing,Sales Executive,9277,19
E00977,Life Sciences,Manufacturing Director,18235,19
E00978,Technical Degree,Research Scientist,15891,5
E00979,Medical,Healthcare Representative,13888,12
E00980,Medical,Laboratory Technician,17491,8
E00981,Life Sciences,Sales Representative,11882,1
E00982,Marketing,Sales Executive,23288,4
E00983,Life Sciences,Research Scientist,15748,4
E00984,Technical Degree,Healthcare Representative,6163,14
E00985,Life Sciences,Sales Executive,24232,5
E00986,Medical,Manufacturing Director,21057,10
E00987,Life Sciences,Sales Executive,3567,5
E00988,Marketing,Sales Executive,15395,4
E00989,Life Sciences,Research Scientist,13953,6
E00990,Life Sciences,Research Scientist,5182,6
E00991,Life Sciences,Sales Executive,19293,5
E00992,Marketing,Sales Executive,20497,3
E00993,Life Sciences,Healthcare Representative,3449,6
E00994,Life Sciences,Sales Executive,12477,3
E00995,Medical,Manufacturing Director,9731,5
E00996,Medical,Research Scientist,20003,20
E00997,Marketing,Sales Executive,7100,6
E00998,Life Sciences,Research Scientist,25681,8
E00999,Medical,Research Scientist,4050,4
E01000,Human Resources,Manager,16616,20
E01001,Other,Laboratory Technician,17363,5
E01002,Medical,Laboratory Technician,19106,3
E01003,Life Sciences,Manufacturing Director,19944,2
E01004,Technical Degree,Laboratory Technician,4910,3
E01005,Other,Laboratory Technician,23577,7
E01006,Other,Human Resources,9769,10
E01007,Life Sciences,Laboratory Technician,22710,4
E01008,Other,Healthcare Representative,22930,8
E01009,Medical,Research Director,5652,20
E01010,Medical,Research Director,22456,9
E01011,Medical,Research Director,12414,7
E01012,Marketing,Sales Executive,20763,5
E01013,Life Sciences,Sales Representative,16154,1
E01014,Marketing,Sales Executive,12761,3
E01015,Life Sciences,Research Director,8847,3
E01016,Other,Research Scientist,20284,4
E01017,Life Sciences,Research Scientist,22262,1
E01018,Life Sciences,Laboratory Technician,7679,5
E01019,Life Sciences,Laboratory Technician,22604,10
E01020,Marketing,Sales Executive,13494,3
E01021,Technical Degree,Research Scientist,10205,6
E01022,Life Sciences,Sales Representative,15182,3
E01023,Technical Degree,Laboratory Technician,25470,6
E01024,Life Sciences,Research Scientist,10494,3
E01025,Medical,Research Director,26703,20
E01026,Medical,Sales Executive,15211,5
E01027,Marketing,Sales Executive,23343,4
E01028,Life Sciences,Laboratory Technician,3708,5
E01029,Medical,Research Scientist,5561,4
E01030,Other,Laboratory Technician,23099,8
E01031,Life Sciences,Sales Executive,8386,13
E01032,Marketing,Sales Executive,15986,7
E01033,Life Sciences,Laboratory Technician,17181,1
E01034,Life Sciences,Manufacturing Director,8931,10
E01035,Medical,Healthcare Representative,19863,7
E01036,Medical,Human Resources,24609,3
E01037,Life Sciences,Laboratory Technician,21081,2
E01038,Technical Degree,Manufacturing Director,14720,3
E01039,Marketing,Sales Executive,24795,2
E01040,Technical Degree,Human Resources,3072,2
E01041,Medical,Research Director,25178,9
E01042,Medical,Sales Executive,23490,5
E01043,Life Sciences,Laboratory Technician,7973,5
E01044,Medical,Research Director,19764,9
E01045,Technical Degree,Healthcare Representative,21534,3
E01046,Medical,Research Scientist,8045,3
E01047,Life Sciences,Research Scientist,21158,5
E01048,Medical,Sales Executive,17456,4
E01049,Other,Sales Executive,15891,13
E01050,Life Sciences,Sales Executive,2939,2
E01051,Medical,Laboratory Technician,16458,12
E01052,Marketing,Sales Executive,9282,1
E01053,Technical Degree,Research Scientist,7152,1
E01054,Life Sciences,Research Scientist,2721,12
E01055,Life Sciences,Healthcare Representative,20948,8
E01056,Medical,Research Director,11929,14
E01057,Technical Degree,Sales Representative,15747,3
E01058,Technical Degree,Sales Executive,17485,5
